time,latitude,longitude,depth,rms,nphs,gap,dist,errh_km,errz_km,time_utc,quality_pass
1084024564.002403,-8.24852,110.32828,16.724447,0.0692528,8,286.016,27.2141,2.55,3.93,2004-05-08 13:56:04.002403021+00:00,True
1084039253.559011,-8.790615,110.186073,25.166016,0.181298,11,330.702,88.4526,7.59,14.3,2004-05-08 18:00:53.559010983+00:00,False
1084039325.969501,-8.416484,111.198477,102.251953,0.090951,10,344.932,77.7732,19.45,10.98,2004-05-08 18:02:05.969501019+00:00,False
1084051358.127705,-8.520556,110.640531,5.976888,0.139816,9,335.736,48.1927,5.71,8.5,2004-05-08 21:22:38.127705096+00:00,False
1084181746.249011,-8.93816,110.532673,25.166016,0.25314,18,336.635,94.1322,8.27,12.9,2004-05-10 09:35:46.249011040+00:00,False
1084203068.943441,-8.708939,109.618398,29.613281,0.334747,11,336.976,123.12,13.62,28.51,2004-05-10 15:31:08.943440914+00:00,False
1084210861.058315,-8.896004,110.37266,78.533203,0.200114,15,333.895,91.9892,14.29,19.16,2004-05-10 17:41:01.058315039+00:00,False
1084248274.230561,-8.369059,110.149136,78.533203,0.236021,16,305.779,46.4022,9.21,7.23,2004-05-11 04:04:34.230561018+00:00,False
1084276583.017003,-8.93816,111.316804,31.754557,0.304992,20,340.729,106.099,10.19,16.53,2004-05-11 11:56:23.017003059+00:00,False
1084279081.200213,-8.782711,110.11943,88.251302,0.156492,9,328.987,107.92,23.3,31.34,2004-05-11 12:38:01.200212955+00:00,False
1084292856.936104,-8.993489,111.14354,25.660156,0.190075,17,340.634,102.359,10.53,12.46,2004-05-11 16:27:36.936104059+00:00,False
1084302750.288503,-8.666783,110.33276,53.990885,0.284215,17,314.73,69.0569,7.04,11.29,2004-05-11 19:12:30.288502932+00:00,False
1084303598.405398,-8.877561,111.303335,63.873698,0.277751,16,342.441,112.971,15.14,19.54,2004-05-11 19:26:38.405397892+00:00,False
1084311782.173183,-8.640436,110.561959,101.098958,0.289419,19,313.538,59.646,10.01,6.86,2004-05-11 21:43:02.173182964+00:00,False
1084314573.476055,-8.711573,110.266103,37.025391,0.296121,17,325.371,76.606,7.69,11.0,2004-05-11 22:29:33.476054907+00:00,False
1084317399.525744,-8.100317,110.804047,133.547526,0.140438,18,197.577,6.11382,10.2,3.06,2004-05-11 23:16:39.525743961+00:00,False
1084367595.622588,-8.772172,110.194086,79.027344,0.149457,9,327.815,102.174,21.25,29.51,2004-05-12 13:13:15.622587919+00:00,False
1084391131.616519,-9.159477,110.393918,39.990234,0.263667,15,317.866,120.243,9.24,19.97,2004-05-12 19:45:31.616518974+00:00,False
1084394156.33886,-8.924986,110.658021,91.216146,0.295598,9,332.53,106.655,33.78,35.91,2004-05-12 20:35:56.338860035+00:00,False
1084412324.863746,-8.780076,111.460415,54.814453,0.407996,29,336.429,97.5135,8.73,13.12,2004-05-13 01:38:44.863745928+00:00,False
1084428720.334697,-9.048819,109.903051,19.895182,0.25338,21,322.863,126.126,6.81,19.72,2004-05-13 06:12:00.334697008+00:00,False
1084442696.556966,-6.917324,110.789945,23.683594,0.403332,9,321.97,96.255,12.99,23.91,2004-05-13 10:04:56.556966066+00:00,False
1084445865.474932,-8.822232,111.444527,34.719401,0.410641,32,335.63,94.4647,8.19,10.36,2004-05-13 10:57:45.474931955+00:00,False
1084448578.978117,-9.114687,111.640084,12.153646,0.320842,11,340.094,133.153,19.52,22.34,2004-05-13 11:42:58.978116989+00:00,False
1084453524.612583,-9.283309,112.772579,78.039063,0.380549,21,350.844,240.952,37.31,42.13,2004-05-13 13:05:24.612582922+00:00,False
1084453868.868013,-8.847262,111.387262,31.672201,0.376033,36,333.539,92.6914,7.15,8.47,2004-05-13 13:11:08.868012905+00:00,False
1084455530.392976,-8.2584,109.180144,55.14388,0.4447,40,322.034,86.7142,7.81,13.54,2004-05-13 13:38:50.392976046+00:00,False
1084461177.074425,-8.856483,111.420616,25.001302,0.341938,23,334.694,95.7309,10.19,10.49,2004-05-13 15:12:57.074424982+00:00,False
1084475401.9403,-9.694327,110.006187,182.796875,0.179832,8,355.421,196.113,112.32,65.41,2004-05-13 19:10:01.940299988+00:00,False
1084485464.818191,-8.932891,110.420655,33.072266,0.405319,17,309.339,95.6642,7.56,14.25,2004-05-13 21:57:44.818191051+00:00,False
1084494281.112168,-8.901274,109.945963,18.248047,0.322283,13,315.268,109.321,8.4,21.35,2004-05-14 00:24:41.112168074+00:00,False
1084496527.735264,-8.06343,110.905139,137.171224,0.196778,14,139.523,9.05028,16.33,4.05,2004-05-14 01:02:07.735264063+00:00,False
1084501588.733065,-8.373011,110.416775,80.427409,0.281794,18,258.463,35.5521,8.87,5.43,2004-05-14 02:26:28.733064890+00:00,False
1084515605.805779,-8.733969,110.803216,39.743164,0.305097,25,305.67,65.2822,5.0,6.88,2004-05-14 06:20:05.805778980+00:00,False
1084529264.021321,-8.903909,110.551337,16.106771,0.319467,8,308.534,107.241,21.03,33.63,2004-05-14 10:07:44.021321058+00:00,False
1084534599.527656,-8.83804,111.375241,33.73112,0.317962,31,329.769,91.0824,6.65,9.74,2004-05-14 11:36:39.527656078+00:00,False
1084534893.374062,-8.210975,111.661301,123.664714,0.239359,21,338.818,76.935,13.84,7.13,2004-05-14 11:41:33.374062061+00:00,False
1084539262.874112,-8.171454,109.215036,72.438802,0.309911,34,319.38,94.568,9.03,14.95,2004-05-14 12:54:22.874111891+00:00,False
1084542330.955954,-8.666783,110.258136,38.178385,0.281677,9,329.749,78.7684,16.1,17.47,2004-05-14 13:45:30.955954075+00:00,False
1084543257.495986,-8.230077,110.300336,36.901855,0.10905,10,253.11,33.2013,3.38,3.22,2004-05-14 14:00:57.495985985+00:00,True
1084574182.416014,-8.832771,111.396559,26.483724,0.284466,23,331.376,92.03,7.09,11.02,2004-05-14 22:36:22.416013956+00:00,False
1084586934.803912,-8.195167,109.175031,70.297526,0.220396,10,304.869,67.045,13.35,16.64,2004-05-15 02:08:54.803911924+00:00,False
1084590085.795401,-8.055526,108.885444,95.498698,0.163206,9,329.433,78.3918,29.89,26.23,2004-05-15 03:01:25.795401096+00:00,False
1084599971.009764,-8.552172,110.40608,39.743164,0.32555,29,281.899,54.2676,3.71,4.85,2004-05-15 05:46:11.009763956+00:00,True
1084611028.636214,-8.881513,111.190009,32.989909,0.256327,25,326.278,85.0854,5.94,7.47,2004-05-15 08:50:28.636214018+00:00,False
1084616538.448688,-8.357203,110.488679,84.051107,0.232164,16,282.446,30.823,6.92,3.41,2004-05-15 10:22:18.448688030+00:00,False
1084617985.047944,-8.855166,110.424671,75.486003,0.378663,36,287.566,86.3346,7.14,11.16,2004-05-15 10:46:25.047944069+00:00,False
1084622209.359186,-8.864388,110.959318,34.719401,0.293598,16,323.459,91.734,7.14,12.64,2004-05-15 11:56:49.359185934+00:00,False
1084628766.172514,-8.047622,109.234057,78.533203,0.269533,12,299.258,49.723,21.1,16.39,2004-05-15 13:46:06.172513962+00:00,False
1084630434.308231,-8.860436,110.126016,24.918945,0.22714,21,313.764,98.3766,4.66,12.27,2004-05-15 14:13:54.308231115+00:00,False
1084632120.581273,-8.865705,110.128678,32.001628,0.334851,26,284.47,98.8116,4.18,9.85,2004-05-15 14:42:00.581273079+00:00,True
1084635910.867419,-8.506065,110.713787,39.990234,0.235545,16,326.576,40.4508,5.06,4.81,2004-05-15 15:45:10.867419004+00:00,False
1084641339.348916,-8.769537,110.671283,68.650391,0.297747,17,335.268,76.0709,12.15,15.63,2004-05-15 17:15:39.348916054+00:00,False
1084642582.967812,-8.374987,110.368173,21.99528,0.251718,33,258.137,38.584,1.99,3.88,2004-05-15 17:36:22.967812061+00:00,True
1084643896.203474,-8.2584,109.185469,59.097005,0.2952,25,303.894,72.6439,8.48,13.27,2004-05-15 17:58:16.203474045+00:00,False
1084647705.421894,-8.897322,110.507334,18.989258,0.494073,36,305.233,88.4509,4.79,9.96,2004-05-15 19:01:45.421894073+00:00,False
1084654393.769737,-8.707621,110.267439,37.931315,0.380196,26,296.853,76.1468,4.65,7.45,2004-05-15 20:53:13.769737005+00:00,True
1084670534.623486,-8.903909,112.236796,2.929688,0.227207,11,348.598,167.772,37.19,38.41,2004-05-16 01:22:14.623486042+00:00,False
1084687753.252845,-8.411214,108.897311,16.930339,0.47873,37,315.078,104.181,8.63,16.19,2004-05-16 06:09:13.252845049+00:00,False
1084695148.676731,-7.540437,111.689983,24.095378,0.363244,30,308.955,90.1706,5.9,7.41,2004-05-16 08:12:28.676731110+00:00,False
1084702450.002976,-8.704987,110.342072,47.155273,0.3967,27,295.885,72.6401,5.55,7.58,2004-05-16 10:14:10.002975941+00:00,False
1084708053.279309,-10.126422,111.001167,121.523437,0.389554,14,344.885,243.295,36.96,57.66,2004-05-16 11:47:33.279309034+00:00,False
1084713611.90147,-7.892173,108.976525,193.997396,0.155361,11,322.124,76.6326,71.05,44.09,2004-05-16 13:20:11.901469946+00:00,False
1084714006.701966,-8.355885,111.382115,133.382812,0.193276,8,343.969,80.613,62.38,35.89,2004-05-16 13:26:46.701966047+00:00,False
1084714121.060376,-9.03301,111.194299,21.871745,0.389833,20,325.405,100.92,7.94,14.37,2004-05-16 13:28:41.060375929+00:00,False
1084725104.012082,-8.571933,112.006102,80.345052,0.30847,9,346.891,126.967,24.09,28.42,2004-05-16 16:31:44.012082100+00:00,False
1084726889.111798,-9.409776,112.837501,72.768229,0.397059,19,348.279,253.926,34.38,48.18,2004-05-16 17:01:29.111798048+00:00,False
1084728967.135862,-8.172772,109.2137,68.238607,0.262029,28,298.226,62.7836,8.15,9.98,2004-05-16 17:36:07.135862112+00:00,False
1084732735.381049,-8.23337,109.194869,59.838216,0.348575,34,299.15,69.6994,6.81,10.98,2004-05-16 18:38:55.381048918+00:00,False
1084738515.890417,-7.879,108.941995,131.241536,0.390791,44,318.223,64.03,8.01,4.54,2004-05-16 20:15:15.890417099+00:00,False
1084743470.490335,-9.006663,111.023521,30.107422,0.270209,23,322.041,93.3121,6.58,9.01,2004-05-16 21:37:50.490334988+00:00,False
1084755744.794921,-8.047622,109.67045,94.67513,0.353527,24,297.136,72.7493,9.54,7.75,2004-05-17 01:02:24.794920921+00:00,False
1084769890.866493,-8.782711,111.484415,25.001302,0.274428,21,338.487,94.2125,8.83,9.61,2004-05-17 04:58:10.866492987+00:00,False
1084802973.004887,-8.295286,111.453868,119.711589,0.195035,21,338.223,58.9842,11.82,5.49,2004-05-17 14:09:33.004887104+00:00,False
1084809370.024592,-9.027741,111.226303,30.436849,0.214516,11,338.917,101.62,15.0,17.66,2004-05-17 15:56:10.024591923+00:00,False
1084810422.587666,-8.901274,111.327389,35.378255,0.316635,16,334.469,93.9851,10.91,13.02,2004-05-17 16:13:42.587666035+00:00,False
1084813928.642827,-8.276843,108.671553,131.735677,0.445093,23,317.087,140.132,26.85,46.35,2004-05-17 17:12:08.642827034+00:00,False
1084816679.67948,-8.670735,110.827151,90.474935,0.244346,24,311.141,55.0156,8.12,5.87,2004-05-17 17:57:59.679480076+00:00,False
1084826415.224628,-8.047622,109.292598,94.67513,0.325418,22,287.188,80.2359,13.87,20.49,2004-05-17 20:40:15.224627972+00:00,False
1084828277.838061,-8.776124,110.867233,37.272461,0.294712,21,317.782,70.6163,5.53,9.84,2004-05-17 21:11:17.838061094+00:00,False
1084847112.895397,-8.816963,111.428516,33.401693,0.277659,15,338.469,92.8776,11.9,17.56,2004-05-18 02:25:12.895396948+00:00,False
1084902236.028104,-8.716843,110.074183,26.154297,0.233369,21,312.449,84.9553,9.13,13.15,2004-05-18 17:43:56.028104067+00:00,False
1084933765.437634,-8.727382,111.209713,49.873047,0.319283,24,320.162,80.19,6.87,11.8,2004-05-19 02:29:25.437633991+00:00,False
1084963008.95755,-9.004028,110.428642,34.884115,0.429101,9,326.24,111.342,16.99,26.33,2004-05-19 10:36:48.957550049+00:00,False
1084989536.123273,-8.126664,111.288452,111.805339,0.259818,26,284.974,52.8059,7.11,3.69,2004-05-19 17:58:56.123272896+00:00,False
1085046780.787426,-10.126422,111.472217,16.106771,0.339078,11,350.703,246.688,43.73,66.65,2004-05-20 09:53:00.787425995+00:00,False
1085056746.316855,-8.386843,110.694412,41.184408,0.244357,24,280.442,28.0776,3.0,2.26,2004-05-20 12:39:06.316854954+00:00,True
1085065256.964329,-8.470496,110.784357,21.954102,0.27865,13,325.171,35.9291,4.58,8.52,2004-05-20 15:00:56.964329004+00:00,False
1085081451.75994,-8.102951,111.615745,113.617187,0.168464,8,353.874,88.8839,52.41,27.35,2004-05-20 19:30:51.759939909+00:00,False
1085086959.111192,-8.711573,109.450467,25.82487,0.222653,10,303.468,115.176,12.6,26.81,2004-05-20 21:02:39.111191988+00:00,False
1085088372.327878,-8.822232,110.916605,36.037109,0.244759,16,329.783,89.5454,6.87,11.86,2004-05-20 21:26:12.327877998+00:00,False
1085090430.146606,-9.936722,110.380306,147.877604,0.283067,13,338.521,206.142,36.55,57.33,2004-05-20 22:00:30.146605968+00:00,False
1085121168.806844,-9.098878,110.556703,30.93099,0.229961,14,325.143,111.917,9.95,20.27,2004-05-21 06:32:48.806843996+00:00,False
1085131920.291793,-8.146424,110.824044,98.051758,0.250734,27,149.21,5.3393,5.62,2.33,2004-05-21 09:32:00.291793108+00:00,False
1085135503.547197,-8.907861,110.627344,26.07194,0.346792,19,309.632,86.1143,4.9,11.29,2004-05-21 10:31:43.547197104+00:00,False
1085153375.766744,-7.707742,108.355048,193.667969,0.584851,18,332.479,138.358,37.86,29.03,2004-05-21 15:29:35.766743898+00:00,False
1085170732.150328,-9.325465,109.376594,249.341146,0.325147,9,347.693,205.862,76.2,69.13,2004-05-21 20:18:52.150327921+00:00,False
1085175689.301028,-8.513969,108.856923,35.213542,0.427285,8,319.237,115.926,19.56,32.29,2004-05-21 21:41:29.301028013+00:00,False
1085198654.897201,-9.138399,110.575389,24.836589,0.453732,19,317.837,116.299,8.55,19.32,2004-05-22 04:04:14.897201061+00:00,False
1085228994.112173,-7.909299,111.193598,15.530273,0.293316,13,250.741,27.0749,6.52,5.57,2004-05-22 12:29:54.112173080+00:00,False
1085237135.913556,-7.892173,110.14689,117.570312,0.241977,12,199.366,12.6901,16.84,4.61,2004-05-22 14:45:35.913556099+00:00,False
1085258132.155695,-7.660317,107.892717,166.325521,0.344532,11,348.143,187.045,86.74,49.74,2004-05-22 20:35:32.155694962+00:00,False
1085261635.659608,-7.744628,108.423994,232.210938,0.452155,11,346.653,173.59,84.99,54.37,2004-05-22 21:33:55.659607887+00:00,False
1085263546.732667,-8.694448,111.037735,98.710612,0.304797,32,314.14,59.7898,7.81,5.06,2004-05-22 22:05:46.732666969+00:00,False
1085263976.436317,-8.437562,109.06767,36.037109,0.408626,42,302.122,96.2776,4.8,14.01,2004-05-22 22:12:56.436316967+00:00,False
1085266121.098687,-8.110856,109.127405,87.757161,0.407317,16,309.946,62.3628,20.9,19.32,2004-05-22 22:48:41.098686934+00:00,False
1085266405.171929,-8.432292,109.078343,32.083984,0.41443,44,302.592,95.2071,5.11,14.7,2004-05-22 22:53:25.171928883+00:00,False
1085297250.130925,-8.6984,109.991577,34.22526,0.242907,18,307.513,86.8428,7.24,11.41,2004-05-23 07:27:30.130924939+00:00,False
1085298458.35947,-8.64834,109.972989,37.025391,0.205862,9,306.491,90.6326,9.78,18.11,2004-05-23 07:47:38.359469891+00:00,False
1085298701.279291,-8.653609,109.935671,39.990234,0.232125,11,308.314,85.6106,8.85,14.58,2004-05-23 07:51:41.279290915+00:00,False
1085326823.787768,-7.690287,110.017119,14.933187,0.24275,35,102.821,6.6918,0.85,1.21,2004-05-23 15:40:23.787767887+00:00,True
1085328249.098392,-7.613551,111.12732,9.065267,0.22995,25,266.029,2.77102,2.05,1.88,2004-05-23 16:04:09.098392010+00:00,True
1085335234.207274,-8.79325,110.833924,37.519531,0.31658,26,309.667,72.0867,4.79,7.35,2004-05-23 18:00:34.207273960+00:00,False
1085341457.87554,-8.174089,111.40034,120.69987,0.176043,8,331.241,48.2739,20.46,9.79,2004-05-23 19:44:17.875540018+00:00,False
1085346882.428648,-8.27355,110.292327,31.795736,0.211614,25,250.043,30.6362,2.38,2.4,2004-05-23 21:14:42.428647995+00:00,True
1085355567.855576,-8.257742,110.305647,33.031087,0.218768,12,256.842,28.6087,3.23,3.2,2004-05-23 23:39:27.855576038+00:00,True
1085374882.342887,-7.756485,111.339591,7.129883,0.221073,18,286.798,26.2397,3.14,4.91,2004-05-24 05:01:22.342886925+00:00,True
1085399799.143557,-9.050136,110.704765,21.295247,0.429536,40,310.323,100.676,5.31,7.73,2004-05-24 11:56:39.143557072+00:00,False
1085401001.512719,-8.394089,111.042636,107.605143,0.198629,33,308.61,29.7039,6.56,2.74,2004-05-24 12:16:41.512718915+00:00,False
1085403529.720093,-8.6681,109.502559,64.779622,0.528091,99,288.665,100.889,3.79,11.01,2004-05-24 12:58:49.720093012+00:00,False
1085426343.380761,-8.187263,108.357867,200.585938,0.258879,9,327.71,206.497,115.54,73.1,2004-05-24 19:19:03.380760908+00:00,False
1085426345.521436,-8.002832,108.41738,169.290365,0.494163,26,324.91,137.69,35.73,39.96,2004-05-24 19:19:05.521435976+00:00,False
1085428020.379609,-8.86834,111.123319,33.97819,0.370688,47,310.184,81.0699,4.01,5.71,2004-05-24 19:47:00.379609108+00:00,False
1085431750.756377,-8.247861,111.107658,120.69987,0.109156,8,317.145,25.952,22.82,6.65,2004-05-24 20:49:10.756376982+00:00,False
1085442632.911895,-7.815437,110.544208,20.368734,0.248125,21,138.685,11.0559,1.12,1.83,2004-05-24 23:50:32.911895037+00:00,True
1085443771.614652,-8.98822,112.578637,126.794271,0.491549,19,340.858,206.822,28.07,51.5,2004-05-25 00:09:31.614651918+00:00,False
1085458164.333642,-8.071993,110.179334,30.972168,0.356086,43,207.432,17.1501,2.3,1.99,2004-05-25 04:09:24.333642006+00:00,True
1085486751.783112,-8.806424,109.88745,35.048828,0.427476,20,285.919,102.872,7.63,18.07,2004-05-25 12:05:51.783112049+00:00,False
1085500237.979399,-8.210975,111.219406,91.051432,0.139289,8,330.708,32.3291,12.78,5.98,2004-05-25 15:50:37.979398966+00:00,False
1085500906.338948,-8.234688,112.207117,142.277344,0.190006,19,333.076,135.42,20.24,14.63,2004-05-25 16:01:46.338948011+00:00,False
1085514732.408297,-8.459957,110.733738,75.81543,0.346255,46,272.005,35.051,4.52,2.73,2004-05-25 19:52:12.408297062+00:00,True
1085518270.695127,-8.416484,109.094382,35.378255,0.414488,37,301.767,92.8326,5.26,13.47,2004-05-25 20:51:10.695127010+00:00,False
1085567088.432696,-8.479717,110.11707,71.944661,0.486109,71,253.755,58.9255,4.29,4.22,2004-05-26 10:24:48.432696104+00:00,True
1085579779.129455,-8.835406,111.23925,36.201823,0.166856,8,342.954,93.1112,26.52,21.94,2004-05-26 13:56:19.129455090+00:00,False
1085585587.11817,-8.412532,111.316991,134.288737,0.436275,61,305.197,54.3928,6.65,2.74,2004-05-26 15:33:07.118170023+00:00,False
1085586067.458868,-7.678431,109.916106,16.415609,0.201102,15,182.348,3.8029,1.37,1.2,2004-05-26 15:41:07.458868027+00:00,True
1085596376.0301,-8.034448,111.865675,133.71224,0.186781,11,339.266,97.0574,26.71,18.84,2004-05-26 18:32:56.030100107+00:00,False
1085598047.633109,-8.8881,110.748675,84.957031,0.33986,15,328.497,90.5721,13.59,18.54,2004-05-26 19:00:47.633109093+00:00,False
1085600587.992474,-7.660317,111.295536,249.341146,0.411324,11,317.874,54.1389,89.85,27.62,2004-05-26 19:43:07.992474079+00:00,False
1085606496.018697,-8.621993,111.188194,69.968099,0.215805,18,329.939,68.8272,9.38,9.05,2004-05-26 21:21:36.018697023+00:00,False
1085613303.48885,-9.18319,111.731048,-1.352865,0.497903,24,329.78,151.496,14.68,32.89,2004-05-26 23:15:03.488850117+00:00,False
1085661555.437958,-8.801154,110.244719,94.345703,0.391085,18,304.715,93.4564,18.71,24.75,2004-05-27 12:39:15.437958002+00:00,False
1085673154.753283,-7.623431,109.142306,237.152344,0.157633,12,337.831,49.2888,67.14,21.03,2004-05-27 15:52:34.753283024+00:00,False
1085674017.962704,-8.484987,108.939627,62.720703,0.36702,19,310.384,108.064,8.42,18.27,2004-05-27 16:06:57.962703943+00:00,False
1085674425.046036,-7.897443,110.630998,144.253906,0.152716,8,207.972,14.2197,77.45,36.63,2004-05-27 16:13:45.046036005+00:00,False
1085680044.438581,-8.758999,110.463344,39.990234,0.345716,23,300.36,84.937,5.16,9.8,2004-05-27 17:47:24.438580990+00:00,False
1085725072.526416,-8.972411,110.503335,40.154948,0.306511,9,311.31,116.756,19.09,27.44,2004-05-28 06:17:52.526416063+00:00,False
1085738437.180714,-8.81301,111.435171,33.648763,0.277031,29,319.555,93.0186,5.16,8.85,2004-05-28 10:00:37.180713892+00:00,False
1085742149.299165,-8.390137,110.676436,22.201172,0.25024,26,270.821,29.1078,2.33,3.18,2004-05-28 11:02:29.299165010+00:00,True
1085752431.936245,-8.390795,110.678434,22.077637,0.276009,32,271.001,29.0942,2.11,3.02,2004-05-28 13:53:51.936244965+00:00,True
1085755038.76559,-8.824867,110.119387,73.75651,0.12058,9,331.653,110.694,25.97,32.66,2004-05-28 14:37:18.765589952+00:00,False
1085759695.280251,-7.830916,110.365688,9.888835,0.116086,10,149.928,13.4338,3.19,3.78,2004-05-28 15:54:55.280251026+00:00,True
1085771937.956174,-8.04367,110.635037,93.769206,0.0840647,10,143.233,8.79809,7.62,3.43,2004-05-28 19:18:57.956173897+00:00,False
1085772604.058102,-7.915886,110.936912,121.358724,0.181097,14,222.54,12.9538,13.55,4.05,2004-05-28 19:30:04.058101892+00:00,False
1085806950.836308,-8.309119,110.98993,12.030111,0.244398,24,297.97,18.6891,2.29,2.24,2004-05-29 05:02:30.836308002+00:00,True
1085814308.800678,-7.721904,110.62928,37.951904,0.325901,47,38.1088,5.42374,1.19,1.76,2004-05-29 07:05:08.800678015+00:00,True
1085821105.312018,-8.840675,111.191266,35.872396,0.303441,12,343.711,104.115,16.39,22.25,2004-05-29 08:58:25.312017918+00:00,False
1085826832.879024,-8.848579,110.991296,26.154297,0.350289,17,324.166,75.3967,6.79,9.51,2004-05-29 10:33:52.879024029+00:00,False
1085848525.099301,-8.614089,110.087623,96.157552,0.0804297,8,347.269,98.4222,37.0,33.37,2004-05-29 16:35:25.099301100+00:00,False
1085867450.483451,-8.860436,111.152638,34.142904,0.267452,24,328.713,81.3571,6.61,8.47,2004-05-29 21:50:50.483450890+00:00,False
1085870226.001425,-7.441635,111.22339,237.975911,0.471451,37,229.658,16.3163,11.31,5.86,2004-05-29 22:37:06.001425028+00:00,False
1085906621.268844,-8.301873,110.32626,43.366862,0.255157,13,337.041,35.6672,6.84,3.8,2004-05-30 08:43:41.268843889+00:00,False
1085908950.113267,-7.682054,110.638241,32.94873,0.145531,18,135.285,9.75595,3.14,2.27,2004-05-30 09:22:30.113266945+00:00,True
1085920157.806806,-8.26367,111.783925,16.930339,0.340441,20,322.39,91.5279,6.98,10.0,2004-05-30 12:29:17.806806087+00:00,False
1085928483.792866,-8.106903,110.310377,85.204102,0.232992,16,231.974,23.0539,8.69,5.7,2004-05-30 14:48:03.792865992+00:00,False
1085933599.973175,-9.154208,110.073674,39.990234,0.290072,25,312.644,130.116,6.88,20.7,2004-05-30 16:13:19.973175049+00:00,False
1085934557.656198,-7.824,110.733697,18.639242,0.29041,30,72.9682,3.59417,1.25,1.57,2004-05-30 16:29:17.656198025+00:00,True
1085938690.135836,-7.736724,109.830608,143.430339,0.274327,25,190.839,11.8921,13.49,3.76,2004-05-30 17:38:10.135835886+00:00,False
1085941339.220197,-8.421753,109.025113,33.73112,0.200554,10,317.803,97.0921,11.52,21.12,2004-05-30 18:22:19.220196962+00:00,False
1085953092.681619,-8.765585,110.35271,36.77832,0.382109,39,293.909,78.6256,3.6,6.2,2004-05-30 21:38:12.681618929+00:00,True
1085969434.015724,-8.886783,110.518001,34.966471,0.305132,25,307.524,86.958,4.52,9.24,2004-05-31 02:10:34.015723944+00:00,False
1085977260.963456,-8.055526,108.406466,170.608073,0.504465,38,318.845,170.414,27.2,42.05,2004-05-31 04:21:00.963455915+00:00,False
1085993370.689842,-8.802472,111.109877,26.401367,0.273282,34,318.995,73.6748,4.57,4.86,2004-05-31 08:49:30.689841986+00:00,False
1086016632.188738,-9.141034,110.599407,28.954427,0.647949,13,325.951,132.443,39.5,38.99,2004-05-31 15:17:12.188738108+00:00,False
1086026337.34615,-8.427023,109.621714,74.580078,0.247599,16,320.922,86.35,11.74,18.23,2004-05-31 17:58:57.346149921+00:00,False
1086029908.761781,-9.894566,112.626909,45.096354,0.489537,26,337.152,269.882,21.48,46.98,2004-05-31 18:58:28.761780977+00:00,False
1086033095.95179,-8.482352,111.382404,20.059896,0.258322,11,339.284,66.1066,8.37,10.49,2004-05-31 19:51:35.951790094+00:00,False
1086042253.203607,-8.853849,109.978032,23.848307,0.449562,16,319.322,103.073,12.78,26.74,2004-05-31 22:24:13.203607082+00:00,False
1086044975.270786,-8.931573,111.299454,8.941732,0.644261,81,303.595,95.3666,4.43,4.02,2004-05-31 23:09:35.270786047+00:00,False
1086046789.313398,-8.905226,110.568672,32.989909,0.414907,49,293.546,87.2835,3.84,6.85,2004-05-31 23:39:49.313397884+00:00,True
1086049761.426522,-8.824867,110.236703,42.13151,0.328776,11,333.43,96.2343,16.27,23.04,2004-06-01 00:29:21.426522017+00:00,False
1086101519.328725,-7.504539,109.875815,10.650635,0.132101,17,100.137,5.86607,0.74,1.18,2004-06-01 14:51:59.328725100+00:00,True
1086106189.290741,-8.845945,111.228606,33.566406,0.337522,10,342.769,93.8893,31.59,29.48,2004-06-01 16:09:49.290740967+00:00,False
1086111648.629381,-7.491365,109.861883,8.46818,0.175995,15,168.223,4.1131,1.21,2.04,2004-06-01 17:40:48.629380941+00:00,True
1086113509.958491,-8.685226,110.372731,39.001953,0.33784,16,311.451,77.7155,8.66,15.5,2004-06-01 18:11:49.958491087+00:00,False
1086122816.357645,-9.894566,112.498533,41.143229,0.489398,23,336.622,280.738,22.59,52.95,2004-06-01 20:46:56.357645035+00:00,False
1086127440.225507,-9.852411,112.626637,41.143229,0.447577,28,328.983,266.589,15.9,43.95,2004-06-01 22:04:00.225507021+00:00,False
1086131162.940246,-8.948699,111.263484,28.130859,0.329224,26,327.482,95.2414,6.67,11.35,2004-06-01 23:06:02.940246105+00:00,False
1086133554.332092,-7.836844,111.341083,54.814453,0.268217,10,313.41,40.9241,7.76,7.94,2004-06-01 23:45:54.332092047+00:00,False
1086158305.039205,-8.785346,110.399358,34.719401,0.361076,31,301.52,79.3408,3.83,7.86,2004-06-02 06:38:25.039205074+00:00,False
1086176620.82977,-8.697082,111.645444,77.791992,0.55156,67,299.582,101.715,5.58,9.1,2004-06-02 11:43:40.829770088+00:00,False
1086176899.090491,-8.266304,110.86541,86.933594,0.263359,37,270.22,9.88159,4.71,2.26,2004-06-02 11:48:19.090491056+00:00,True
1086184947.691887,-9.090974,110.468649,27.142578,0.299012,22,315.728,111.15,7.32,17.34,2004-06-02 14:02:27.691886902+00:00,False
1086212415.587685,-9.130495,110.748843,21.707031,0.363416,9,325.617,124.386,53.94,44.37,2004-06-02 21:40:15.587685108+00:00,False
1086222181.390133,-8.137203,109.723497,249.835286,0.507526,25,240.834,48.7803,63.25,5.64,2004-06-03 00:23:01.390132904+00:00,False
1086254393.348258,-8.2887,110.288991,30.025065,0.229483,17,262.116,32.3599,2.78,3.7,2004-06-03 09:19:53.348258018+00:00,True
1086270043.265598,-8.212293,110.36623,27.060221,0.156827,9,263.816,27.5273,4.32,4.94,2004-06-03 13:40:43.265598059+00:00,True
1086273991.71156,-8.915765,110.56334,32.001628,0.264444,29,309.26,88.5681,4.05,7.18,2004-06-03 14:46:31.711560011+00:00,False
1086277743.095009,-8.461274,112.447844,159.736979,0.31609,9,352.374,188.342,75.21,62.55,2004-06-03 15:49:03.095009089+00:00,False
1086279042.136232,-8.438879,111.138588,71.532878,0.256125,24,311.177,40.3514,5.56,3.5,2004-06-03 16:10:42.136231899+00:00,False
1086281992.692568,-8.801154,110.991232,38.013672,0.42443,15,328.714,85.0218,9.23,16.27,2004-06-03 16:59:52.692568064+00:00,False
1086315493.904312,-9.060675,110.291229,22.942383,0.453801,38,306.536,111.984,4.47,9.75,2004-06-04 02:18:13.904311895+00:00,False
1086319718.165098,-7.900736,109.853621,23.971842,0.277257,29,196.565,22.3995,2.51,3.55,2004-06-04 03:28:38.165097952+00:00,True
1086327654.079616,-8.896004,111.770067,17.589193,0.327883,27,328.991,125.909,7.95,19.92,2004-06-04 05:40:54.079616070+00:00,False
1086350305.792871,-8.972411,110.343293,62.55599,0.384329,22,311.339,101.014,7.86,15.84,2004-06-04 11:58:25.792870998+00:00,False
1086352123.190513,-8.475765,110.230286,40.072591,0.336988,16,284.544,54.1036,6.66,9.02,2004-06-04 12:28:43.190512896+00:00,False
1086362569.828907,-10.131692,109.978766,240.446615,0.38058,15,339.148,251.801,29.61,10.4,2004-06-04 15:22:49.828907013+00:00,False
1086366188.639558,-8.874927,110.362001,5.729818,0.613129,69,298.504,90.0077,4.36,5.33,2004-06-04 16:23:08.639558077+00:00,False
1086366547.970156,-8.154329,110.592488,123.25293,0.265802,35,205.522,7.24195,6.39,2.48,2004-06-04 16:29:07.970155954+00:00,False
1086367101.22914,-8.943429,110.436655,35.048828,0.357047,21,309.877,104.693,5.62,14.62,2004-06-04 16:38:21.229140043+00:00,False
1086367156.686521,-9.017202,111.247623,31.754557,0.461026,19,328.453,101.434,8.62,13.79,2004-06-04 16:39:16.686521053+00:00,False
1086373508.150177,-9.03301,110.271236,22.201172,0.34645,17,310.435,109.671,7.53,12.64,2004-06-04 18:25:08.150177002+00:00,False
1086375189.839267,-8.326245,110.101909,29.983887,0.217207,24,281.893,45.3242,3.0,4.16,2004-06-04 18:53:09.839267015+00:00,True
1086383062.972229,-8.297263,110.955301,21.99528,0.270855,35,281.146,15.4028,2.09,1.46,2004-06-04 21:04:22.972229004+00:00,True
1086397400.718591,-8.487622,110.194315,79.686198,0.225542,10,287.263,73.425,21.95,22.31,2004-06-05 01:03:20.718590975+00:00,False
1086427526.805121,-8.502113,111.173325,80.592122,0.275192,28,305.999,48.0942,6.41,4.52,2004-06-05 09:25:26.805120945+00:00,False
1086447206.382489,-8.751094,111.537647,34.22526,0.264136,13,347.277,100.004,17.21,18.12,2004-06-05 14:53:26.382488966+00:00,False
1086448383.100124,-8.624627,110.641903,60.579427,0.297393,14,316.346,71.9993,10.13,13.09,2004-06-05 15:13:03.100123882+00:00,False
1086451895.517987,-8.840675,112.449809,117.570312,0.262525,11,346.704,183.335,38.32,45.65,2004-06-05 16:11:35.517987013+00:00,False
1086459079.131621,-9.022471,111.236963,22.201172,0.196635,15,329.422,113.055,8.7,18.55,2004-06-05 18:11:19.131620884+00:00,False
1086462152.429984,-9.098878,110.556703,30.93099,0.286908,13,314.337,111.917,12.12,19.16,2004-06-05 19:02:32.429984093+00:00,False
1086527885.090862,-8.720795,111.504243,24.754232,0.249765,35,320.126,91.0738,4.17,4.78,2004-06-06 13:18:05.090862036+00:00,False
1086551869.970969,-8.840675,110.508666,35.872396,0.334114,10,328.196,94.0095,19.75,30.18,2004-06-06 19:57:49.970968962+00:00,False
1086555278.192938,-9.076483,110.622068,18.000977,0.390386,37,301.795,103.829,5.23,7.54,2004-06-06 20:54:38.192938089+00:00,False
1086598015.023787,-8.940795,112.018267,13.141927,0.199742,9,346.655,151.603,43.13,47.62,2004-06-07 08:46:55.023787022+00:00,False
1086603253.982126,-8.004808,111.21172,13.018392,0.221718,12,253.72,25.3076,2.71,3.54,2004-06-07 10:14:13.982125998+00:00,True
1086609994.393306,-8.849897,110.416673,80.097982,0.395337,46,287.203,85.9293,6.39,8.59,2004-06-07 12:06:34.393306017+00:00,False
1086616986.802861,-8.369059,109.749673,56.461589,0.195936,12,325.931,67.5962,8.33,11.29,2004-06-07 14:03:06.802860975+00:00,False
1086619404.765174,-8.84331,111.401918,32.742839,0.291007,17,325.474,93.3154,6.01,11.01,2004-06-07 14:43:24.765173912+00:00,False
1086620272.400546,-8.242592,111.672043,126.30013,0.167637,21,327.485,79.0624,12.78,6.98,2004-06-07 14:57:52.400546074+00:00,False
1086684168.221923,-7.122503,109.999815,-1.291097,0.141157,10,176.778,5.13057,4.99,3.92,2004-06-08 08:42:48.221923113+00:00,True
1086692629.577388,-8.772831,110.458678,36.984212,0.439439,63,283.45,76.6664,2.75,4.65,2004-06-08 11:03:49.577388048+00:00,True
1086692816.879031,-7.913251,108.423155,146.559896,0.285202,14,333.252,154.999,45.53,56.04,2004-06-08 11:06:56.879030943+00:00,False
1086706063.6301,-9.048819,110.73011,29.777995,0.361012,24,311.793,107.746,5.37,13.03,2004-06-08 14:47:43.630100012+00:00,False
1086708149.691384,-8.225466,110.816123,87.674805,0.270986,33,241.135,8.92715,4.48,2.08,2004-06-08 15:22:29.691384077+00:00,True
1086733912.509184,-8.618041,111.522622,22.283529,0.226799,26,325.777,85.6313,4.93,7.07,2004-06-08 22:31:52.509183884+00:00,False
1086738031.326363,-8.614089,111.515949,25.001302,0.210229,13,343.848,84.7791,9.18,10.72,2004-06-08 23:40:31.326363087+00:00,False
1086741388.355474,-8.716843,110.298086,38.013672,0.305718,17,314.029,75.6671,7.21,10.47,2004-06-09 00:36:28.355473995+00:00,False
1086754419.238446,-8.511334,110.207617,83.804036,0.147611,15,323.921,61.4299,11.95,10.82,2004-06-09 04:13:39.238445997+00:00,False
1086755330.322665,-8.189897,109.084544,79.521484,0.283132,16,308.033,72.1618,14.47,17.08,2004-06-09 04:28:50.322664976+00:00,False
1086772482.881505,-8.342712,110.995964,107.193359,0.0856399,10,315.404,56.0002,25.79,16.41,2004-06-09 09:14:42.881505013+00:00,False
1086794543.82082,-8.380915,110.707059,30.025065,0.207078,15,281.671,36.1849,4.14,8.79,2004-06-09 15:22:23.820820093+00:00,True
1086802389.957527,-8.236005,111.423109,122.923503,0.358581,57,279.906,53.128,4.26,2.34,2004-06-09 17:33:09.957526922+00:00,True
1086810135.915038,-8.401993,110.299583,104.475586,0.487556,47,243.137,44.5413,6.44,3.79,2004-06-09 19:42:15.915038109+00:00,False
1086823123.646905,-8.205706,109.659476,85.780599,0.387089,17,259.312,59.1257,14.34,13.03,2004-06-09 23:18:43.646904945+00:00,False
1086840289.018871,-8.894687,110.165984,22.612956,0.447627,62,286.331,99.7276,3.07,3.87,2004-06-10 04:04:49.018871069+00:00,True
1086842098.385991,-8.336125,109.644553,59.838216,0.315885,40,263.85,70.9706,4.92,9.16,2004-06-10 04:34:58.385991096+00:00,True
1086854169.275087,-8.780076,110.628632,53.496745,0.223567,15,315.452,72.1808,7.12,12.47,2004-06-10 07:56:09.275087118+00:00,False
1086866604.020892,-8.845945,110.364678,61.897135,0.190089,9,332.327,105.235,22.59,25.96,2004-06-10 11:23:24.020891905+00:00,False
1086870046.485676,-7.371156,109.360276,14.006673,0.18583,19,265.818,22.7686,1.89,2.94,2004-06-10 12:20:46.485676050+00:00,True
1086889530.601892,-8.678639,110.79784,48.472982,0.276771,34,305.764,56.3326,3.62,4.61,2004-06-10 17:45:30.601891994+00:00,False
1086934783.080203,-8.853849,110.154021,35.378255,0.304765,22,307.105,96.309,5.64,11.99,2004-06-11 06:19:43.080203056+00:00,False
1086955347.582553,-8.424388,108.862632,93.522135,0.421257,21,305.142,124.906,13.9,29.14,2004-06-11 12:02:27.582552910+00:00,False
1086959271.577491,-8.805106,110.459341,31.013346,0.333078,33,302.917,80.1984,3.56,6.71,2004-06-11 13:07:51.577491045+00:00,False
1086969362.736052,-8.147742,110.867962,97.639974,0.0828195,8,224.149,10.172,17.27,7.98,2004-06-11 15:56:02.736052036+00:00,False
1086975111.775894,-7.384329,109.377511,18.453939,0.116768,13,259.537,20.8605,2.39,2.91,2004-06-11 17:31:51.775893927+00:00,True
1086991958.052943,-8.803789,110.556655,36.860677,0.370391,9,311.409,97.4423,33.18,34.96,2004-06-11 22:12:38.052942991+00:00,False
1086992507.280941,-8.317682,110.150513,86.52181,0.295383,30,235.084,41.4369,5.97,4.21,2004-06-11 22:21:47.280941010+00:00,False
1087001480.436305,-9.106783,110.575383,48.884766,0.453375,21,319.455,108.556,8.7,17.9,2004-06-12 00:51:20.436305046+00:00,False
1087028819.080386,-9.341273,111.507311,-2.670573,0.534407,18,328.09,146.244,34.11,39.83,2004-06-12 08:26:59.080385923+00:00,False
1087046335.314651,-8.270915,110.287003,30.478027,0.223581,24,259.986,30.4914,2.58,2.64,2004-06-12 13:18:55.314651012+00:00,True
1087056553.446329,-8.942112,109.920563,23.930664,0.548247,58,289.91,114.608,4.0,13.45,2004-06-12 16:09:13.446329117+00:00,False
1087061612.613408,-8.479717,111.028106,83.804036,0.23095,17,302.938,46.2037,8.48,5.72,2004-06-12 17:33:32.613408089+00:00,False
1087062759.753556,-8.380915,111.237029,100.193034,0.246251,22,306.3,45.0052,7.8,3.97,2004-06-12 17:52:39.753556013+00:00,False
1087068248.282391,-8.321634,111.033215,111.146484,0.0468574,8,306.247,32.1484,20.82,9.95,2004-06-12 19:24:08.282391071+00:00,False
1087074595.94587,-8.4784,110.219629,39.08431,0.329544,25,285.279,54.6961,4.46,5.2,2004-06-12 21:09:55.945869923+00:00,True
1087079467.889416,-7.498281,109.86154,13.224284,0.146228,12,133.859,4.16948,2.45,2.98,2004-06-12 22:31:07.889415979+00:00,True
1087106982.013696,-8.371694,108.852201,100.769531,0.463093,21,317.002,121.205,17.77,32.14,2004-06-13 06:09:42.013695955+00:00,False
1087112132.436547,-8.728699,110.312741,20.96582,0.453101,60,291.646,76.2621,2.73,4.76,2004-06-13 07:35:32.436547041+00:00,True
1087139582.213034,-9.17792,112.686494,134.700521,0.432326,18,340.138,225.757,30.54,56.37,2004-06-13 15:13:02.213033915+00:00,False
1087144537.92915,-8.827501,110.463338,54.814453,0.237693,11,332.822,97.9772,11.88,21.1,2004-06-13 16:35:37.929150105+00:00,False
1087146662.715011,-8.674687,110.937761,54.814453,0.258528,11,323.968,71.1461,11.17,13.42,2004-06-13 17:11:02.715010881+00:00,False
1087157162.348301,-6.804031,111.938804,10.01237,0.414668,38,295.018,46.1924,3.92,4.23,2004-06-13 20:06:02.348300934+00:00,True
1087175875.802779,-8.380915,111.774989,1.035482,0.331279,33,313.095,93.5435,6.24,5.81,2004-06-14 01:17:55.802778959+00:00,False
1087179369.740108,-8.473131,111.391706,19.977539,0.217194,17,336.958,64.8485,5.29,6.84,2004-06-14 02:16:09.740108013+00:00,False
1087190041.139575,-8.423071,110.619187,32.989909,0.241203,16,290.662,40.6529,3.45,5.08,2004-06-14 05:14:01.139575005+00:00,True
1087206457.563268,-8.244568,110.308315,33.278158,0.0660854,9,254.807,27.1149,3.65,2.88,2004-06-14 09:47:37.563267946+00:00,True
1087221890.90531,-8.84331,110.468669,36.037109,0.300085,17,328.903,84.4217,6.5,12.64,2004-06-14 14:04:50.905309916+00:00,False
1087231766.62024,-5.677026,110.525139,2.723796,0.270637,19,268.025,24.0938,2.97,2.68,2004-06-14 16:49:26.620239973+00:00,True
1087239091.646245,-8.8881,111.858043,80.345052,0.346551,20,330.137,134.758,14.16,28.54,2004-06-14 18:51:31.646245003+00:00,False
1087247652.585625,-8.424388,109.033094,88.910156,0.362583,31,303.532,96.8887,8.05,12.94,2004-06-14 21:14:12.585624933+00:00,False
1087259812.693587,-8.413849,108.969212,67.826823,0.264874,9,320.232,99.709,28.11,31.14,2004-06-15 00:36:52.693587065+00:00,False
1087269042.613444,-8.030496,110.938366,108.099284,0.146654,21,140.855,5.08735,6.04,2.53,2004-06-15 03:10:42.613444090+00:00,False
1087284592.66682,-8.585107,110.505994,39.990234,0.406074,14,304.831,65.5947,7.4,13.78,2004-06-15 07:29:52.666820049+00:00,False
1087291745.591813,-7.545048,111.241502,13.183105,0.264592,19,230.638,15.7011,2.54,1.94,2004-06-15 09:29:05.591813087+00:00,True
1087291952.221108,-7.527922,111.264063,13.265462,0.389103,51,195.729,17.4961,2.0,2.06,2004-06-15 09:32:32.221107960+00:00,True
1087299408.611302,-8.158281,109.20177,68.650391,0.178536,11,304.169,62.0246,14.81,15.5,2004-06-15 11:36:48.611301899+00:00,False
1087310311.183372,-7.375108,109.376206,15.571452,0.161807,10,261.102,20.9997,2.73,4.1,2004-06-15 14:38:31.183372021+00:00,True
1087310317.277352,-8.391454,111.798993,5.15332,0.333067,30,313.969,96.3336,6.16,5.54,2004-06-15 14:38:37.277352095+00:00,False
1087324369.787534,-8.824867,110.108721,58.602865,0.242964,9,319.249,110.131,24.43,32.41,2004-06-15 18:32:49.787533998+00:00,False
1087332964.013629,-8.285406,110.298977,29.983887,0.244654,24,260.995,31.7687,2.71,3.36,2004-06-15 20:56:04.013628960+00:00,True
1087334928.850696,-9.043549,111.311707,21.871745,0.375856,16,328.341,117.564,11.77,22.72,2004-06-15 21:28:48.850696087+00:00,False
1087351494.827014,-8.761633,109.874194,55.967448,0.0799426,9,335.438,99.363,21.9,21.86,2004-06-16 02:04:54.827013969+00:00,False
1087352734.972321,-8.890735,110.180654,24.836589,0.291811,22,308.493,98.6217,6.47,12.39,2004-06-16 02:25:34.972321033+00:00,False
1087418963.194795,-8.407262,110.669786,29.860352,0.246632,15,283.355,50.0067,3.71,8.32,2004-06-16 20:49:23.194794893+00:00,True
1087432824.719238,-6.958162,111.627395,37.601888,0.377401,17,310.722,56.5191,7.31,7.59,2004-06-17 00:40:24.719238043+00:00,False
1087438157.719279,-9.789177,112.62623,221.669271,0.298986,18,342.852,271.62,34.46,55.53,2004-06-17 02:09:17.719279051+00:00,False
1087462066.411039,-8.430975,109.860089,73.180013,0.295759,34,266.569,69.1938,6.22,7.78,2004-06-17 08:47:46.411039114+00:00,False
1087463280.811109,-8.21361,108.331104,135.688802,0.469532,37,320.95,183.083,20.13,44.78,2004-06-17 09:08:00.811109066+00:00,False
1087473270.070042,-8.801154,110.969903,36.695964,0.279221,16,322.416,85.0356,5.87,13.94,2004-06-17 11:54:30.070041895+00:00,False
1087489573.522645,-9.312291,110.335135,14.294922,0.458799,25,316.653,138.103,8.22,24.64,2004-06-17 16:26:13.522644997+00:00,False
1087490650.950897,-8.801154,110.41535,36.037109,0.286425,17,310.647,86.1672,5.53,12.59,2004-06-17 16:44:10.950896978+00:00,False
1087491828.571263,-8.716843,110.415369,38.013672,0.272139,13,325.99,80.595,9.46,17.78,2004-06-17 17:03:48.571263075+00:00,False
1087501885.323597,-8.781394,110.989873,37.272461,0.327972,42,307.81,68.0045,3.48,5.24,2004-06-17 19:51:25.323596954+00:00,False
1087505441.090456,-8.164867,111.111524,133.794596,0.279564,40,307.304,19.9891,7.79,2.42,2004-06-17 20:50:41.090456009+00:00,False
1087538760.732391,-8.179358,109.180407,69.638672,0.214431,15,305.661,65.235,10.52,12.71,2004-06-18 06:06:00.732391119+00:00,False
1087559999.171415,-9.034328,110.600711,29.530924,0.3142,29,300.049,100.034,4.31,10.8,2004-06-18 11:59:59.171415091+00:00,False
1087561487.209651,-8.943429,110.575347,40.319661,0.375092,13,310.615,110.438,11.69,24.18,2004-06-18 12:24:47.209650993+00:00,False
1087570492.515922,-8.706304,110.276768,39.001953,0.401695,23,299.002,75.5695,5.8,8.85,2004-06-18 14:54:52.515922070+00:00,False
1087570719.095241,-8.20834,108.868857,92.533854,0.305473,12,340.728,135.993,23.81,30.99,2004-06-18 14:58:39.095241070+00:00,False
1087572288.987459,-8.856483,109.83137,22.365885,0.125265,10,341.596,119.808,15.16,22.2,2004-06-18 15:24:48.987458944+00:00,False
1087575426.51815,-8.353909,109.687787,64.985514,0.429579,99,261.916,61.3327,2.45,3.38,2004-06-18 16:17:06.518150091+00:00,True
1087581219.062642,-8.290017,111.310077,131.570964,0.335366,12,314.759,45.5834,14.72,8.87,2004-06-18 17:53:39.062642096+00:00,False
1087591082.724887,-8.120077,110.584496,88.663086,0.223494,29,195.584,3.36967,4.03,2.31,2004-06-18 20:38:02.724886894+00:00,True
1087597021.55514,-8.853849,111.113962,35.048828,0.238203,12,345.442,79.2137,15.31,12.28,2004-06-18 22:17:01.555140018+00:00,False
1087637218.905035,-8.790615,111.017879,25.495443,0.239268,18,317.251,69.6049,5.13,7.87,2004-06-19 09:26:58.905035019+00:00,False
1087648108.516123,-8.506065,110.953549,20.883464,0.286078,28,297.537,37.1929,2.83,4.27,2004-06-19 12:28:28.516123055+00:00,True
1087653629.674413,-8.600915,110.863063,100.275391,0.195142,11,318.432,64.1666,13.98,8.41,2004-06-19 14:00:29.674412966+00:00,False
1087675845.513114,-8.869657,111.140654,34.060547,0.330233,16,324.996,94.1971,6.47,17.23,2004-06-19 20:10:45.513113976+00:00,False
1087681588.199655,-8.234688,108.469422,170.608073,0.503152,53,323.998,218.335,16.86,24.41,2004-06-19 21:46:28.199655056+00:00,False
1087686079.305857,-8.594328,110.310142,71.862305,0.483671,52,264.612,62.7849,4.92,5.46,2004-06-19 23:01:19.305856943+00:00,True
1087691870.324988,-8.264987,109.796463,75.980143,0.412097,44,246.948,54.9964,5.86,5.53,2004-06-20 00:37:50.324987888+00:00,False
1087694087.940444,-8.897322,110.133979,31.013346,0.426171,42,287.904,101.607,3.51,7.13,2004-06-20 01:14:47.940443993+00:00,True
1087717060.299515,-8.415825,110.784982,29.819173,0.168963,14,280.883,29.8549,3.2,3.56,2004-06-20 07:37:40.299515009+00:00,True
1087721478.175776,-8.255107,110.313635,44.643392,0.231403,21,243.22,28.1629,3.03,2.27,2004-06-20 08:51:18.175776005+00:00,True
1087751229.24393,-8.606184,111.364038,11.988932,0.261005,14,321.405,75.8262,6.16,8.72,2004-06-20 17:07:09.243930101+00:00,False
1087755867.941009,-8.228101,110.39817,32.660482,0.214904,21,246.603,24.3428,2.62,1.99,2004-06-20 18:24:27.941009045+00:00,True
1087757648.555887,-8.355885,111.850802,145.242187,0.433899,8,345.303,123.434,40.03,47.6,2004-06-20 18:54:08.555886984+00:00,False
1087763646.442353,-9.143669,111.616159,11.330078,0.525583,33,317.427,134.088,9.71,20.47,2004-06-20 20:34:06.442353010+00:00,False
1087764992.803267,-7.17421,108.863529,4.000326,0.537958,59,277.859,79.6299,3.78,3.07,2004-06-20 20:56:32.803267002+00:00,False
1087767555.880344,-8.635166,110.961699,104.063802,0.296733,9,322.423,66.611,27.61,20.58,2004-06-20 21:39:15.880343914+00:00,False
1087777210.6875,-8.758999,110.298064,36.037109,0.237879,10,330.517,87.399,9.8,16.67,2004-06-21 00:20:10.687500+00:00,False
1087799782.708326,-8.25379,110.300324,32.45459,0.0932004,14,256.693,28.2985,3.03,2.36,2004-06-21 06:36:22.708326101+00:00,True
1087808981.023018,-8.656244,112.038419,88.910156,0.348904,15,347.243,134.756,20.23,30.12,2004-06-21 09:09:41.023017883+00:00,False
1087824510.477504,-7.782173,111.200699,16.806803,0.208262,15,243.142,12.4168,2.95,1.98,2004-06-21 13:28:30.477504015+00:00,True
1087833146.343972,-7.813131,109.982073,115.923177,0.315934,43,168.151,7.54942,5.56,2.48,2004-06-21 15:52:26.343971968+00:00,False
1087834307.682092,-8.654927,111.152276,61.155924,0.363101,34,307.746,60.6489,4.79,5.9,2004-06-21 16:11:47.682091951+00:00,False
1087836873.121244,-8.08846,110.991653,107.93457,0.217099,25,203.135,5.8286,5.59,2.49,2004-06-21 16:54:33.121243954+00:00,False
1087843128.792162,-8.606184,111.53991,16.930339,0.248683,10,329.571,87.9521,10.65,19.43,2004-06-21 18:38:48.792161942+00:00,False
1087870569.846434,-8.264328,110.304312,30.642741,0.217771,20,253.204,29.3556,3.02,2.73,2004-06-22 02:16:09.846434116+00:00,True
1087899473.412366,-8.275526,110.27036,33.319336,0.0314325,8,261.854,31.4863,3.87,4.06,2004-06-22 10:17:53.412365913+00:00,True
1087907555.648595,-8.303849,110.963297,19.112793,0.204117,15,298.707,26.9912,2.75,3.58,2004-06-22 12:32:35.648595095+00:00,True
1087922036.785005,-7.462383,109.914405,9.332926,0.353827,62,57.5871,4.55482,0.85,1.09,2004-06-22 16:33:56.785005093+00:00,True
1087924722.081443,-8.722112,110.404706,39.001953,0.272693,19,326.466,72.3819,6.92,10.08,2004-06-22 17:18:42.081443071+00:00,False
1087927595.374433,-7.334928,109.006394,218.292643,0.478346,86,302.688,61.9812,7.9,3.15,2004-06-22 18:06:35.374433041+00:00,False
1087929385.985142,-9.122591,110.105733,21.542318,0.273399,23,297.832,125.46,6.53,19.03,2004-06-22 18:36:25.985141993+00:00,False
1087931417.34283,-8.674687,109.967622,39.990234,0.257294,19,307.64,85.7919,5.01,9.87,2004-06-22 19:10:17.342829943+00:00,False
1087939139.690058,-6.360079,110.912888,4.000326,0.242784,19,258.629,7.12292,2.36,1.86,2004-06-22 21:18:59.690057993+00:00,True
1087972310.289253,-8.780076,110.964545,38.013672,0.281722,10,320.601,82.7062,11.94,21.97,2004-06-23 06:31:50.289252996+00:00,False
1088010588.776041,-8.413191,111.140543,23.477702,0.252474,28,298.135,38.5195,2.58,4.08,2004-06-23 17:09:48.776041031+00:00,True
1088028918.554916,-6.283672,110.578845,3.506185,0.574575,14,245.542,31.6693,7.77,4.23,2004-06-23 22:15:18.554915905+00:00,False
1088071008.500223,-8.519238,111.153374,96.816406,0.1937,21,322.145,48.1437,8.67,5.01,2004-06-24 09:56:48.500222921+00:00,False
1088080619.551145,-7.843431,110.712099,39.08431,0.325044,12,189.711,5.2923,4.43,2.83,2004-06-24 12:36:59.551145077+00:00,True
1088080727.237168,-7.465347,110.747782,153.477865,0.313894,9,318.165,35.9305,40.8,18.27,2004-06-24 12:38:47.237168074+00:00,False
1088101137.154575,-7.183596,109.848547,4.01062,0.659233,43,66.5096,4.8831,1.02,0.79,2004-06-24 18:18:57.154575109+00:00,False
1088109074.672215,-8.337442,109.254439,57.779297,0.321211,44,294.513,77.7674,4.17,9.22,2004-06-24 20:31:14.672214985+00:00,True
1088143085.633312,-8.217562,110.73093,122.264648,0.269008,38,223.771,9.21283,4.77,2.17,2004-06-25 05:58:05.633311987+00:00,True
1088155412.958513,-8.511334,111.065446,102.910807,0.252652,12,320.172,51.4913,11.3,6.07,2004-06-25 09:23:32.958513021+00:00,False
1088162541.609849,-8.772172,110.620632,59.920573,0.109264,8,329.86,75.7655,19.87,22.62,2004-06-25 11:22:21.609848976+00:00,False
1088162616.082749,-8.249179,110.967891,89.816081,0.294474,31,276.69,12.2279,6.2,2.18,2004-06-25 11:23:36.082748890+00:00,False
1088167798.176003,-8.316364,111.480546,121.029297,0.336194,22,298.567,62.8222,10.07,5.69,2004-06-25 12:49:58.176002979+00:00,False
1088168029.40904,-8.896004,109.375274,8.035807,0.380512,17,307.625,136.145,9.35,26.55,2004-06-25 12:53:49.409039974+00:00,False
1088169601.170073,-8.391454,110.627167,22.612956,0.171378,12,304.731,31.6695,3.47,4.71,2004-06-25 13:20:01.170073032+00:00,False
1088191808.497183,-8.059478,110.714872,127.864909,0.24999,39,111.17,6.43102,5.26,2.13,2004-06-25 19:30:08.497183084+00:00,False
1088200364.426306,-8.785346,110.330042,32.742839,0.310056,15,301.463,86.782,6.4,15.15,2004-06-25 21:52:44.426306009+00:00,False
1088243106.407894,-8.898639,110.951361,33.566406,0.279453,8,340.749,98.8551,29.63,30.13,2004-06-26 09:45:06.407893896+00:00,False
1088255508.801902,-8.462592,111.077361,108.428711,0.443537,59,297.574,38.1231,4.44,2.38,2004-06-26 13:11:48.801902056+00:00,True
1088273635.902708,-8.110856,110.245172,119.711589,0.221722,14,252.945,16.9251,9.89,3.87,2004-06-26 18:13:55.902708054+00:00,False
1088277171.903471,-8.74319,110.330061,38.013672,0.34167,16,308.703,77.0819,6.03,10.89,2004-06-26 19:12:51.903470993+00:00,False
1088283473.804693,-7.933011,110.49933,116.829102,0.259904,23,114.898,10.4153,7.2,2.77,2004-06-26 20:57:53.804692984+00:00,False
1088328753.506638,-8.892052,111.120693,29.860352,0.319948,34,314.137,83.4751,3.88,5.77,2004-06-27 09:32:33.506638049+00:00,False
1088356471.793487,-8.226784,110.324962,87.757161,0.212966,9,262.82,31.0004,8.52,5.78,2004-06-27 17:14:31.793487072+00:00,False
1088366237.74266,-8.549538,109.217787,34.307617,0.43109,49,298.898,101.429,4.08,12.12,2004-06-27 19:57:17.742660046+00:00,True
1088368038.79096,-8.346664,110.509983,55.885091,0.221961,10,299.736,29.0697,6.87,4.23,2004-06-27 20:27:18.790960073+00:00,False
1088379985.414187,-8.296604,111.52443,116.499674,0.478895,57,281.097,66.0737,5.3,3.48,2004-06-27 23:46:25.414186954+00:00,False
1088388772.045621,-10.126422,112.499962,154.466146,0.541543,15,349.949,279.58,41.57,63.07,2004-06-28 02:12:52.045620918+00:00,False
1088396153.10476,-8.621993,110.809787,93.686849,0.187321,13,307.474,52.8938,9.91,9.48,2004-06-28 04:15:53.104759932+00:00,False
1088422538.309849,-8.274867,110.302976,31.054525,0.203878,20,249.369,35.8671,2.61,3.05,2004-06-28 11:35:38.309849024+00:00,True
1088429922.084758,-8.341394,110.411456,82.074544,0.157858,16,279.917,32.8227,5.82,3.27,2004-06-28 13:38:42.084758043+00:00,False
1088431800.144581,-7.674149,110.458787,8.076986,0.178438,11,199.424,22.4915,1.71,2.68,2004-06-28 14:10:00.144581079+00:00,True
1088458225.935464,-9.130495,111.186483,19.730469,0.415474,11,337.277,123.624,40.93,32.12,2004-06-28 21:30:25.935463905+00:00,False
1088473112.082428,-8.714208,110.103506,22.695312,0.0648979,8,338.638,83.5588,28.84,20.14,2004-06-29 01:38:32.082427979+00:00,False
1088516568.850496,-7.851335,109.972717,116.334961,0.357363,24,206.722,8.28448,10.17,3.85,2004-06-29 13:42:48.850496054+00:00,False
1088526469.692305,-7.445422,109.916587,9.013794,0.245982,32,58.0133,5.25292,0.79,0.99,2004-06-29 16:27:49.692305088+00:00,True
1088536050.561046,-8.869657,109.866012,28.130859,0.236037,13,321.045,116.116,9.97,19.11,2004-06-29 19:07:30.561045885+00:00,False
1088607099.747402,-9.162112,110.492662,4.576823,0.429871,12,316.432,144.457,16.57,35.43,2004-06-30 14:51:39.747401953+00:00,False
1088626971.785045,-7.810497,111.442087,13.965495,0.549797,78,233.81,36.5653,2.9,5.16,2004-06-30 20:22:51.785044909+00:00,False
1088637612.274494,-8.836723,110.95795,35.954753,0.267489,23,316.037,79.2025,5.22,7.74,2004-06-30 23:20:12.274493933+00:00,False
1088648163.955897,-8.355227,110.353533,77.421387,0.302433,54,250.385,37.8195,3.51,2.51,2004-07-01 02:16:03.955897093+00:00,True
1088681808.575887,-8.0687,110.559205,109.828776,0.22367,10,208.941,33.4694,19.37,12.29,2004-07-01 11:36:48.575886965+00:00,False
1088689363.85524,-9.164747,110.356554,29.119141,0.387336,19,317.256,121.552,6.82,19.0,2004-07-01 13:42:43.855240107+00:00,False
1088690012.850687,-9.46774,111.144409,40.154948,0.776169,69,309.498,165.303,10.07,25.35,2004-07-01 13:53:32.850687027+00:00,False
1088696600.366207,-9.090974,110.324564,55.473307,0.420585,54,297.361,114.301,4.69,12.74,2004-07-01 15:43:20.366206884+00:00,True
1088702536.7004,-8.884148,110.157993,31.672201,0.364211,30,285.664,99.0811,4.49,8.63,2004-07-01 17:22:16.700400114+00:00,True
1088706047.639521,-8.897322,110.173982,25.577799,0.403662,38,303.183,99.6008,3.77,9.21,2004-07-01 18:20:47.639520884+00:00,False
1088715748.886583,-8.311095,109.163991,44.602214,0.363391,18,306.575,78.9308,5.66,10.67,2004-07-01 21:02:28.886583090+00:00,False
1088719407.958245,-8.909178,110.151303,40.154948,0.273915,10,311.062,119.854,23.02,33.17,2004-07-01 22:03:27.958245039+00:00,False
1088720703.416465,-8.312412,110.872109,90.145508,0.229627,19,278.251,14.8744,6.01,3.18,2004-07-01 22:25:03.416465044+00:00,False
1088720986.128996,-8.859118,110.138017,35.048828,0.374069,20,285.833,97.6704,5.62,13.13,2004-07-01 22:29:46.128995895+00:00,False
1088723197.2977,-8.899956,110.163312,24.095378,0.285225,21,316.465,100.383,4.83,11.84,2004-07-01 23:06:37.297699928+00:00,False
1088726137.36795,-9.025106,111.410372,34.22526,0.40962,10,351.392,110.471,34.71,21.46,2004-07-01 23:55:37.367949963+00:00,False
1088768330.171929,-8.55349,110.537965,102.910807,0.263864,9,326.737,52.175,14.94,8.15,2004-07-02 11:38:50.171928883+00:00,False
1088768574.726759,-8.357203,109.769668,62.308919,0.247184,22,294.846,65.3948,6.24,8.54,2004-07-02 11:42:54.726758957+00:00,False
1088774164.969637,-8.625945,111.189534,95.910482,0.244319,26,312.481,60.0625,8.04,5.98,2004-07-02 13:16:04.969636917+00:00,False
1088784085.447695,-8.870974,111.128657,34.142904,0.236397,34,313.702,81.5391,3.93,6.48,2004-07-02 16:01:25.447695017+00:00,False
1088807133.545712,-8.405945,109.728295,48.225911,0.347314,12,299.951,72.3196,12.96,14.2,2004-07-02 22:25:33.545711994+00:00,False
1088807823.536082,-9.027741,110.265904,29.777995,0.249745,12,323.427,109.291,7.99,20.22,2004-07-02 22:37:03.536082029+00:00,False
1088809484.482717,-8.852531,111.544598,17.671549,0.346775,38,307.2,104.372,4.11,7.84,2004-07-02 23:04:44.482717037+00:00,False
1088822972.558237,-8.013371,108.662112,179.832031,0.333755,13,328.746,113.497,58.54,48.64,2004-07-03 02:49:32.558237076+00:00,False
1088825636.090073,-8.411214,111.795064,88.745443,0.195267,17,348.409,98.4008,17.79,11.23,2004-07-03 03:33:56.090073109+00:00,False
1088854347.816324,-8.60355,111.899639,115.923177,0.388123,13,349.188,118.7,43.18,23.44,2004-07-03 11:32:27.816323996+00:00,False
1088871348.018826,-8.442831,111.422267,109.169922,0.179797,11,339.425,66.0109,18.85,11.0,2004-07-03 16:15:48.018826008+00:00,False
1088884459.412254,-7.971215,108.800644,77.709635,0.359541,33,316.188,82.2768,9.34,12.1,2004-07-03 19:54:19.412254095+00:00,False
1088928730.569226,-8.341394,110.898766,76.144857,0.112865,8,286.476,18.1436,7.2,5.85,2004-07-04 08:12:10.569226027+00:00,False
1088946730.493676,-8.384867,110.761656,14.953776,0.262592,8,316.486,45.842,15.24,17.97,2004-07-04 13:12:10.493675947+00:00,False
1088955135.358331,-8.557442,111.370588,24.918945,0.285177,36,312.352,68.1865,3.11,3.6,2004-07-04 15:32:15.358330965+00:00,False
1088959000.806066,-8.894687,110.171317,24.918945,0.392372,41,291.983,99.4669,3.58,6.14,2004-07-04 16:36:40.806066036+00:00,True
1088959062.237357,-8.890735,110.153987,24.177734,0.350228,20,302.931,100.917,5.21,16.25,2004-07-04 16:37:42.237356901+00:00,False
1088959288.935922,-8.154329,110.22252,84.545247,0.264907,18,237.897,34.0494,6.58,4.28,2004-07-04 16:41:28.935921907+00:00,False
1088970657.709736,-8.280795,110.896042,42.543294,0.160066,8,302.004,28.8482,9.38,10.11,2004-07-04 19:50:57.709736109+00:00,False
1088971011.823121,-8.280137,111.035156,21.99528,0.227277,32,281.986,20.2267,2.07,1.58,2004-07-04 19:56:51.823121071+00:00,True
1088971719.640556,-8.072652,110.701574,129.347331,0.208684,25,125.582,11.6398,7.05,2.95,2004-07-04 20:08:39.640556097+00:00,False
1088981507.843805,-8.910495,110.141967,32.001628,0.44579,42,287.18,102.491,3.97,9.87,2004-07-04 22:51:47.843805075+00:00,True
1089008302.149083,-7.086276,109.952728,-0.632243,0.500424,59,67.7625,5.65555,2.47,1.44,2004-07-05 06:18:22.149082899+00:00,False
1089009142.969745,-7.102743,109.938105,3.732666,0.0948263,9,240.989,4.28092,1.87,1.14,2004-07-05 06:32:22.969744921+00:00,True
1089011788.370086,-8.695765,110.298098,38.013672,0.378268,18,313.105,77.0362,5.44,9.58,2004-07-05 07:16:28.370085955+00:00,False
1089027839.299331,-8.262352,109.857702,81.250977,0.314203,50,253.647,51.6934,5.72,4.95,2004-07-05 11:43:59.299330950+00:00,False
1089030962.671951,-7.022713,108.751245,140.300781,0.575869,39,294.098,161.525,21.52,32.58,2004-07-05 12:36:02.671951056+00:00,False
1089039288.036321,-8.388819,110.789623,21.954102,0.285446,13,278.19,44.6576,6.66,12.86,2004-07-05 14:54:48.036320925+00:00,False
1089053632.812784,-10.131692,111.488292,229.246094,0.503625,16,344.343,239.343,35.93,13.78,2004-07-05 18:53:52.812783957+00:00,False
1089100272.751098,-8.446783,110.731067,39.413737,0.116364,8,290.719,33.6411,17.79,6.92,2004-07-06 07:51:12.751097918+00:00,False
1089112002.308263,-8.244568,110.488017,82.774577,0.410683,70,219.329,19.261,3.09,1.68,2004-07-06 11:06:42.308263063+00:00,True
1089117351.315706,-9.022471,110.319262,23.189453,0.289196,14,319.7,107.068,6.59,14.32,2004-07-06 12:35:51.315706015+00:00,False
1089125389.550569,-8.292652,112.276595,234.846354,0.661484,22,339.818,251.096,38.87,62.85,2004-07-06 14:49:49.550569057+00:00,False
1089126150.399669,-8.967142,111.084812,34.554688,0.2503,9,346.998,113.893,35.18,28.36,2004-07-06 15:02:30.399668932+00:00,False
1089130111.839407,-9.098878,111.11171,30.272135,0.243588,10,345.761,118.934,17.7,21.92,2004-07-06 16:08:31.839406967+00:00,False
1089136675.992406,-8.350616,111.078525,117.89974,0.300902,22,292.727,28.8012,8.86,3.47,2004-07-06 17:57:55.992405891+00:00,False
1089140176.82341,-7.198252,109.892178,1.014893,0.141279,8,142.753,9.36459,1.92,2.53,2004-07-06 18:56:16.823410034+00:00,True
1089141584.106789,-8.8881,110.161989,31.589844,0.418458,13,310.052,117.643,14.63,29.64,2004-07-06 19:19:44.106789112+00:00,False
1089141780.063811,-8.894687,110.189985,18.989258,0.333812,31,308.57,98.5766,4.37,9.68,2004-07-06 19:23:00.063811064+00:00,False
1089193749.974753,-8.334807,108.804426,59.591146,0.16816,9,346.464,147.398,28.85,33.37,2004-07-07 09:49:09.974752903+00:00,False
1089200665.630357,-9.029058,111.168948,22.942383,0.310586,27,319.658,99.5948,6.05,8.72,2004-07-07 11:44:25.630357027+00:00,False
1089200729.456869,-9.011932,111.2156,21.542318,0.401638,19,329.795,107.556,8.08,13.01,2004-07-07 11:45:29.456868887+00:00,False
1089208245.284774,-9.022471,111.210285,24.177734,0.323717,21,328.023,100.434,7.61,11.57,2004-07-07 13:50:45.284774065+00:00,False
1089214366.841086,-8.342712,111.310187,128.935547,0.288266,21,303.496,49.4211,9.91,5.05,2004-07-07 15:32:46.841085911+00:00,False
1089217074.209726,-7.76867,110.572123,18.145101,0.249933,16,152.657,7.33166,1.34,1.84,2004-07-07 16:17:54.209726095+00:00,True
1089231932.803781,-8.102951,108.379608,137.335938,0.31573,9,339.769,195.586,39.64,59.38,2004-07-07 20:25:32.803781033+00:00,False
1089232792.84795,-8.83804,110.847297,34.060547,0.337358,22,306.66,73.3831,4.64,8.26,2004-07-07 20:39:52.847949982+00:00,False
1089240858.117391,-8.264987,110.656412,79.109701,0.251163,28,236.382,18.515,4.11,2.4,2004-07-07 22:54:18.117391109+00:00,True
1089252524.7712,-8.940795,108.871048,127.782552,0.467908,29,322.651,159.166,16.56,35.26,2004-07-08 02:08:44.771199942+00:00,False
1089264889.558405,-8.621993,110.308796,39.001953,0.314082,17,303.878,68.7662,4.97,8.06,2004-07-08 05:34:49.558404922+00:00,False
1089278845.436418,-9.03301,111.162286,32.083984,0.192418,11,337.207,99.7845,11.22,14.56,2004-07-08 09:27:25.436418056+00:00,False
1089299717.630619,-8.831454,110.971275,35.954753,0.337256,31,309.18,73.1932,4.18,7.79,2004-07-08 15:15:17.630619049+00:00,False
1089301229.584751,-9.03301,111.151614,22.860026,0.280327,14,335.73,112.293,9.57,21.18,2004-07-08 15:40:29.584750891+00:00,False
1089311859.174255,-8.311095,111.443256,11.000651,0.3603,21,297.676,58.9884,4.63,8.29,2004-07-08 18:37:39.174254894+00:00,True
1089314867.722082,-8.456664,111.10066,7.006348,0.462462,66,295.905,39.0982,2.75,3.93,2004-07-08 19:27:47.722081900+00:00,True
1089326439.933499,-7.514419,109.867828,9.621175,0.212007,17,80.6172,10.4256,0.94,2.21,2004-07-08 22:40:39.933499098+00:00,True
1089363612.036639,-8.550855,108.91538,71.121094,0.418726,25,308.426,115.636,11.27,24.8,2004-07-09 09:00:12.036638975+00:00,False
1089374509.77575,-8.52319,111.120079,85.368815,0.318876,32,301.919,46.331,5.78,3.88,2004-07-09 12:01:49.775749922+00:00,False
1089388273.354019,-7.534838,109.877765,11.02124,0.121599,11,154.045,10.685,1.41,1.91,2004-07-09 15:51:13.354018927+00:00,True
1089393953.641395,-8.116125,111.565215,118.723307,0.149663,10,327.152,57.7683,13.57,7.15,2004-07-09 17:25:53.641395092+00:00,False
1089397439.26072,-8.811693,110.33003,37.025391,0.291095,14,304.038,84.2727,6.38,11.89,2004-07-09 18:23:59.260720015+00:00,False
1089403147.051022,-5.843672,110.523161,0.870768,0.451554,16,209.425,20.341,7.56,4.7,2004-07-09 19:59:07.051022053+00:00,False
1089415082.332079,-8.305825,109.185311,70.297526,0.286152,14,304.836,77.3797,7.99,13.2,2004-07-09 23:18:02.332078934+00:00,False
1089418328.260306,-8.79325,109.436907,19.730469,0.490549,9,328.46,125.657,36.71,38.0,2004-07-10 00:12:08.260305882+00:00,False
1089431471.397276,-8.405945,110.958758,95.333984,0.239999,16,299.927,26.5906,9.41,4.65,2004-07-10 03:51:11.397275925+00:00,False
1089433046.167123,-8.710256,110.701908,46.166992,0.276304,13,311.551,63.1038,5.95,7.37,2004-07-10 04:17:26.167123079+00:00,False
1089439304.672075,-7.790736,109.475509,5.976888,0.197777,8,276.391,12.7804,5.62,5.36,2004-07-10 06:01:44.672075033+00:00,False
1089455445.813396,-8.21361,110.535268,148.207031,0.600395,10,239.633,30.4316,33.56,36.96,2004-07-10 10:30:45.813395977+00:00,False
1089466826.06274,-8.760316,110.352712,36.119466,0.247205,18,308.081,78.068,5.14,8.68,2004-07-10 13:40:26.062740088+00:00,False
1089470085.304706,-8.6681,110.246141,38.260742,0.369675,25,291.946,73.3407,4.46,6.97,2004-07-10 14:34:45.304706097+00:00,True
1089480267.890628,-8.881513,110.47,-2.917643,0.519666,35,302.599,88.2755,6.46,3.21,2004-07-10 17:24:27.890628099+00:00,False
1089480624.297258,-9.13313,110.361903,13.636068,0.437328,24,312.526,117.989,6.62,13.52,2004-07-10 17:30:24.297257900+00:00,False
1089482986.992012,-9.072531,110.380603,2.929688,0.504419,20,308.254,110.982,9.78,16.22,2004-07-10 18:09:46.992012024+00:00,False
1089483612.329145,-8.583789,110.707169,71.532878,0.417041,59,283.943,48.9685,3.67,2.9,2004-07-10 18:20:12.329144955+00:00,True
1089485775.450088,-8.98295,110.353958,90.227865,0.403449,15,311.498,101.868,14.32,24.27,2004-07-10 18:56:15.450088024+00:00,False
1089486432.023579,-7.031605,109.917617,-0.343994,0.2907,30,109.59,12.4589,1.6,1.23,2004-07-10 19:07:12.023578882+00:00,True
1089486878.259561,-9.212172,110.319167,9.024089,0.523073,28,301.722,128.583,8.91,20.94,2004-07-10 19:14:38.259561062+00:00,False
1089489262.839347,-9.119956,110.385925,12.483073,0.362542,26,315.718,116.06,8.68,12.55,2004-07-10 19:54:22.839346886+00:00,False
1089490777.739961,-9.071214,110.37927,0.541341,0.470463,44,301.73,110.866,5.36,6.63,2004-07-10 20:19:37.739960909+00:00,False
1089491315.756311,-9.022471,110.367281,-0.529297,0.490805,18,310.047,105.823,8.08,8.47,2004-07-10 20:28:35.756310940+00:00,False
1089500513.187078,-9.054088,110.415293,1.117839,0.492418,37,310.864,108.299,8.19,6.21,2004-07-10 23:01:53.187077999+00:00,False
1089501296.520955,-8.967142,110.33796,120.205729,0.347864,8,321.202,106.969,29.28,38.59,2004-07-10 23:14:56.520955085+00:00,False
1089512330.502005,-9.100196,110.381928,0.211914,0.44943,38,310.686,113.978,6.46,5.56,2004-07-11 02:18:50.502005100+00:00,False
1089512893.508643,-9.162112,110.140384,80.345052,0.452551,9,325.942,130.781,17.66,32.13,2004-07-11 02:28:13.508642912+00:00,False
1089558455.94301,-8.874927,110.218001,26.154297,0.332962,23,307.312,95.2968,5.11,11.56,2004-07-11 15:07:35.943010092+00:00,False
1089599268.20961,-9.030375,110.786122,24.013021,0.796391,10,317.287,95.2628,39.23,34.08,2004-07-12 02:27:48.209609985+00:00,False
1089609703.50306,-8.391454,111.247702,78.61556,0.184623,22,307.443,46.6074,6.31,3.54,2004-07-12 05:21:43.503060101+00:00,False
1089627056.685657,-9.193729,108.752465,205.527344,0.736227,31,316.992,207.074,34.79,59.12,2004-07-12 10:10:56.685657024+00:00,False
1089638208.134927,-8.93816,110.015252,23.51888,0.346412,21,314.789,110.262,6.57,17.29,2004-07-12 13:16:48.134927034+00:00,False
1089654082.047907,-8.827501,111.065924,26.154297,0.205359,13,317.969,88.3953,5.91,13.28,2004-07-12 17:41:22.047907114+00:00,False
1089665567.792081,-8.869657,110.569999,29.777995,0.360309,12,312.911,103.26,8.16,20.63,2004-07-12 20:52:47.792081118+00:00,False
1089670631.710112,-7.460407,109.626764,9.085856,0.267607,22,87.3631,2.73,1.25,1.5,2004-07-12 22:17:11.710112095+00:00,True
1089678420.15948,-8.84331,111.396585,33.072266,0.205961,15,339.401,92.9585,8.46,13.09,2004-07-13 00:27:00.159480095+00:00,False
1089700959.547487,-7.207473,109.616636,-0.096924,0.277801,17,144.164,5.07007,3.06,3.3,2004-07-13 06:42:39.547487020+00:00,True
1089710574.599469,-8.716843,111.582865,47.896484,0.281445,19,328.571,97.4526,7.69,12.07,2004-07-13 09:22:54.599468946+00:00,False
1089718615.807123,-8.031814,110.2399,127.288411,0.268593,17,215.07,12.1602,13.54,4.72,2004-07-13 11:36:55.807122946+00:00,False
1089725184.653795,-8.29331,111.139014,19.936361,0.263783,39,290.064,30.9674,1.97,3.0,2004-07-13 13:26:24.653795004+00:00,True
1089743013.042596,-7.220976,109.557186,0.664876,0.191389,14,194.724,6.01065,0.99,1.25,2004-07-13 18:23:33.042596102+00:00,True
1089746601.044556,-8.125347,110.579174,90.310221,0.103135,10,247.385,3.74135,8.58,3.9,2004-07-13 19:23:21.044555902+00:00,False
1089748249.932685,-8.363789,111.422079,116.417318,0.20537,12,318.681,60.3373,16.1,8.49,2004-07-13 19:50:49.932684898+00:00,False
1089752688.707105,-8.232053,110.5965,91.380859,0.22798,8,242.971,40.9767,25.91,19.45,2004-07-13 21:04:48.707104921+00:00,False
1089753539.53034,-8.64834,110.92174,56.791016,0.193503,20,313.206,52.361,4.75,5.38,2004-07-13 21:18:59.530339955+00:00,False
1089782083.243591,-9.148938,110.372572,15.942057,0.508273,34,299.708,119.852,5.26,14.03,2004-07-14 05:14:43.243591070+00:00,False
1089785061.309901,-8.873609,110.539333,28.213216,0.158379,14,314.947,84.8268,5.77,7.55,2004-07-14 06:04:21.309900999+00:00,False
1089797839.644055,-9.146304,111.928401,0.953125,0.335526,9,352.804,161.058,49.61,43.16,2004-07-14 09:37:19.644054890+00:00,False
1089812458.965145,-8.927621,109.892582,27.142578,0.403537,29,300.616,114.478,4.9,14.68,2004-07-14 13:40:58.965145111+00:00,False
1089819866.895826,-8.928938,110.352646,30.025065,0.318337,24,305.449,96.0773,4.51,10.38,2004-07-14 15:44:26.895826101+00:00,False
1089836250.219824,-8.387502,109.155741,69.473958,0.301795,16,302.121,86.9743,8.02,15.15,2004-07-14 20:17:30.219824076+00:00,False
1089842096.882749,-8.781394,110.853908,37.601888,0.317933,39,304.301,67.0554,3.49,5.16,2004-07-14 21:54:56.882749081+00:00,False
1089855500.851809,-5.872654,110.533756,0.870768,0.366853,12,217.711,22.449,8.41,8.72,2004-07-15 01:38:20.851809025+00:00,False
1089867402.898093,-8.712891,110.544646,89.980794,0.52329,79,287.38,67.8158,4.18,3.25,2004-07-15 04:56:42.898092985+00:00,False
1089892820.324386,-8.189897,110.394187,131.570964,0.158441,12,240.436,32.3156,16.9,7.66,2004-07-15 12:00:20.324385881+00:00,False
1089893174.335043,-8.990855,110.287267,-2.835286,0.381649,12,312.442,104.672,10.45,23.29,2004-07-15 12:06:14.335042953+00:00,False
1089923274.599145,-8.0687,110.356963,123.664714,0.304885,13,229.967,16.4682,12.79,4.72,2004-07-15 20:27:54.599144936+00:00,False
1089925108.98114,-8.558759,111.086832,2.10612,0.184654,8,334.147,57.1022,7.76,8.81,2004-07-15 20:58:28.981139898+00:00,False
1089991312.646077,-8.404628,110.699081,22.118815,0.18045,9,306.679,37.4223,3.7,6.46,2004-07-16 15:21:52.646076918+00:00,False
1089998097.925199,-10.131692,111.231351,245.717448,0.832784,12,339.223,226.167,53.4,17.9,2004-07-16 17:14:57.925199032+00:00,False
1090027250.140376,-7.191336,111.661161,92.863281,0.631343,19,299.605,60.7177,29.6,19.65,2004-07-17 01:20:50.140376091+00:00,False
1090045558.203441,-8.859118,110.649993,79.521484,0.377481,22,311.169,80.3327,10.51,16.88,2004-07-17 06:25:58.203440905+00:00,False
1090087050.983547,-8.839358,110.952621,35.790039,0.339261,42,309.005,73.8236,3.48,5.65,2004-07-17 17:57:30.983546972+00:00,False
1090089425.870811,-8.473131,110.704445,30.025065,0.233811,14,281.236,44.7653,3.53,6.17,2004-07-17 18:37:05.870810986+00:00,True
1090090312.983556,-8.985585,110.409974,32.083984,0.354064,16,307.521,100.888,6.59,17.99,2004-07-17 18:51:52.983556032+00:00,False
1090095590.036786,-8.375646,111.668446,122.758789,0.402872,43,291.537,84.1507,7.46,5.59,2004-07-17 20:19:50.036786079+00:00,False
1090121417.866214,-8.669418,110.287451,51.849609,0.347431,13,312.12,74.2262,9.98,16.17,2004-07-18 03:30:17.866214037+00:00,False
1090126605.051224,-8.631214,110.547301,55.555664,0.297332,21,306.913,59.369,5.82,7.6,2004-07-18 04:56:45.051223993+00:00,False
1090135598.652151,-8.690496,110.847158,99.616536,0.337288,25,289.491,57.0069,10.31,7.66,2004-07-18 07:26:38.652151108+00:00,False
1090138100.957893,-8.237322,110.724286,138.159505,0.132843,8,248.778,11.4753,19.9,7.06,2004-07-18 08:08:20.957892895+00:00,False
1090150936.089598,-9.043549,111.146298,29.777995,0.316384,15,324.549,100.38,8.67,16.37,2004-07-18 11:42:16.089597940+00:00,False
1090167451.322783,-7.655706,111.184538,0.994303,0.217356,13,224.248,5.95375,3.06,4.72,2004-07-18 16:17:31.322782993+00:00,True
1090171350.717942,-8.499478,110.688475,30.025065,0.213186,16,293.596,40.3003,3.44,4.36,2004-07-18 17:22:30.717941999+00:00,True
1090245710.192144,-8.780076,110.84191,38.013672,0.193184,8,328.015,82.0098,16.88,21.31,2004-07-19 14:01:50.192143917+00:00,False
1090261198.864464,-9.069896,110.655417,25.166016,0.316975,19,315.623,102.168,5.85,14.38,2004-07-19 18:19:58.864464045+00:00,False
1090291564.251763,-8.951334,111.847609,19.071615,0.452134,28,322.474,136.382,8.53,18.79,2004-07-20 02:46:04.251763105+00:00,False
1090317829.376691,-8.338101,110.890108,21.99528,0.138638,16,283.773,17.7082,2.21,1.78,2004-07-20 10:03:49.376691103+00:00,True
1090341359.082815,-9.117322,111.194463,25.82487,0.243001,16,331.641,109.787,7.6,16.76,2004-07-20 16:35:59.082814932+00:00,False
1090346599.823361,-8.35325,109.307649,-2.835286,0.406444,14,290.905,77.7589,11.23,24.4,2004-07-20 18:03:19.823360920+00:00,False
1090410085.63117,-8.039718,112.40319,249.341146,0.314085,9,351.436,172.589,139.98,64.55,2004-07-21 11:41:25.631170034+00:00,False
1090411709.015351,-9.557321,112.240022,186.091146,0.564942,10,345.4,213.558,66.59,69.17,2004-07-21 12:08:29.015351057+00:00,False
1090415580.538997,-9.747021,112.604574,71.450521,0.453539,15,337.944,256.82,34.46,56.26,2004-07-21 13:13:00.538996935+00:00,False
1090417061.917159,-7.433401,109.600247,14.233154,0.188375,11,173.38,3.20116,1.63,1.26,2004-07-21 13:37:41.917159081+00:00,True
1090422181.566443,-9.141034,110.417941,1.941406,0.43483,11,318.984,127.603,11.75,30.51,2004-07-21 15:03:01.566442966+00:00,False
1090432758.668968,-9.320196,110.44994,40.154948,0.449631,14,322.525,137.17,9.52,24.08,2004-07-21 17:59:18.668967962+00:00,False
1090438443.480246,-8.042353,110.46873,98.957682,0.0467319,9,188.378,5.58458,9.55,3.38,2004-07-21 19:34:03.480246067+00:00,False
1090448438.276313,-10.131692,110.107236,110.652344,0.383017,13,335.977,232.39,27.17,62.33,2004-07-21 22:20:38.276313066+00:00,False
1090514299.535141,-7.103072,109.100087,26.730794,0.420478,45,291.346,53.1291,3.01,3.08,2004-07-22 16:38:19.535140991+00:00,True
1090516960.875979,-8.706304,110.921805,91.380859,0.15312,10,323.51,74.7955,12.96,12.86,2004-07-22 17:22:40.875978947+00:00,False
1090524662.672054,-8.8881,112.039382,40.154948,0.338857,13,333.483,149.522,11.25,24.31,2004-07-22 19:31:02.672054052+00:00,False
1090605449.998651,-8.880196,111.19934,-2.835286,0.197633,9,332.95,96.7122,16.58,19.34,2004-07-23 17:57:29.998651028+00:00,False
1090619212.544072,-8.927621,110.404654,20.554036,0.449772,76,290.864,94.6625,2.67,3.87,2004-07-23 21:46:52.544071913+00:00,True
1090619567.020906,-8.856483,109.767373,32.248698,0.197538,9,338.6,114.612,22.95,25.13,2004-07-23 21:52:47.020905972+00:00,False
1090681959.5777,-8.874927,110.884665,33.072266,0.185699,8,321.324,93.5397,24.83,18.32,2004-07-24 15:12:39.577699900+00:00,False
1090685993.460339,-8.756364,109.804892,41.143229,0.442044,17,285.307,103.145,7.48,17.36,2004-07-24 16:19:53.460339069+00:00,False
1090704110.253642,-8.35325,109.227759,50.202474,0.477677,36,294.938,80.4146,5.56,11.82,2004-07-24 21:21:50.253642082+00:00,False
1090713233.360264,-8.917082,110.212635,63.05013,0.417881,31,287.958,99.8249,7.0,14.08,2004-07-24 23:53:53.360264063+00:00,False
1090727119.587236,-9.064627,111.16768,22.530599,0.369117,17,320.393,103.311,8.09,11.14,2004-07-25 03:45:19.587235928+00:00,False
1090729216.802727,-8.960555,111.259508,30.519206,0.303877,27,319.417,96.2381,5.16,9.37,2004-07-25 04:20:16.802726984+00:00,False
1090731143.355176,-8.747142,110.320729,37.107747,0.416792,34,277.958,77.8522,4.52,7.56,2004-07-25 04:52:23.355175972+00:00,True
1090764027.462943,-8.200436,111.485582,118.723307,0.167322,19,303.747,56.3773,9.04,5.3,2004-07-25 14:00:27.462943077+00:00,False
1090766220.164207,-7.188701,109.693353,54.155599,1.14917,22,73.2248,6.68487,27.29,32.31,2004-07-25 14:37:00.164206982+00:00,False
1090776724.512582,-8.346664,110.494006,51.931966,0.321361,45,252.576,29.5308,3.02,1.98,2004-07-25 17:32:04.512582063+00:00,True
1090786282.54967,-8.031814,110.867855,133.547526,0.204406,18,99.5838,12.817,8.74,3.11,2004-07-25 20:11:22.549669981+00:00,False
1090789931.461539,-8.38355,111.511342,126.217773,0.492109,73,289.097,69.6162,4.28,3.29,2004-07-25 21:12:11.461539030+00:00,True
1090817046.501047,-7.796006,110.233399,8.282878,0.31846,10,105.755,6.88433,22.95,12.46,2004-07-26 04:44:06.501046895+00:00,False
1090826509.525289,-9.069896,111.151681,19.236328,0.2867,13,327.636,103.355,10.17,11.02,2004-07-26 07:21:49.525289059+00:00,False
1090830117.706499,-8.280795,109.671298,67.415039,0.34704,35,257.902,64.3495,5.19,6.83,2004-07-26 08:21:57.706499100+00:00,False
1090869489.98971,-8.823549,110.307361,10.424154,0.5209,63,289.078,86.3312,3.12,4.84,2004-07-26 19:18:09.989710093+00:00,False
1090877491.235844,-8.71816,110.677923,36.28418,0.26014,31,298.19,64.0378,3.06,3.98,2004-07-26 21:31:31.235843897+00:00,True
1090880047.43782,-9.889297,110.214507,40.154948,0.259876,13,332.998,203.6,19.05,43.41,2004-07-26 22:14:07.437819958+00:00,False
1090881516.208125,-8.611454,110.276824,98.628255,0.223846,11,292.953,66.1989,13.14,10.74,2004-07-26 22:38:36.208125114+00:00,False
1090885010.265899,-8.665466,110.318102,50.449544,0.479567,30,271.259,69.5521,5.16,8.0,2004-07-26 23:36:50.265898943+00:00,False
1090926485.718448,-7.645167,111.187179,1.07666,0.158754,12,226.205,5.95762,1.8,4.09,2004-07-27 11:08:05.718447924+00:00,True
1090934260.315445,-8.874927,110.506,77.544922,0.187306,10,329.319,87.3032,12.28,17.52,2004-07-27 13:17:40.315444946+00:00,False
1091096555.608702,-8.096365,110.390219,128.194336,0.240517,34,195.494,10.8045,5.79,2.51,2004-07-29 10:22:35.608701944+00:00,False
1091098976.798208,-8.310436,110.269675,24.30127,0.205368,20,262.988,35.2294,2.55,3.94,2004-07-29 11:02:56.798207998+00:00,True
1091105836.166399,-8.910495,110.365988,30.025065,0.467493,61,289.765,93.7291,2.97,4.67,2004-07-29 12:57:16.166399002+00:00,True
1091120895.183264,-8.701035,110.303426,40.649089,0.27101,15,308.085,73.8214,6.3,10.02,2004-07-29 17:08:15.183264017+00:00,False
1091136597.311277,-8.710256,110.917811,96.734049,0.354001,38,302.632,59.1951,6.63,4.47,2004-07-29 21:29:57.311276913+00:00,False
1091141424.653846,-7.996245,110.895759,119.464518,0.38062,49,91.9036,7.23015,3.58,1.93,2004-07-29 22:50:24.653846025+00:00,True
1091153148.19553,-8.288041,110.300307,27.34847,0.234223,23,251.582,32.0277,2.59,3.05,2004-07-30 02:05:48.195529938+00:00,True
1091184176.451035,-8.274209,111.30472,133.876953,0.276947,16,296.59,44.0478,9.58,4.71,2004-07-30 10:42:56.451035023+00:00,False
1091195734.113174,-7.985377,110.642001,11.968343,0.128284,12,154.537,2.32132,0.88,1.3,2004-07-30 13:55:34.113173962+00:00,True
1091196656.650543,-8.311095,111.640295,131.570964,0.237954,25,312.58,77.2261,10.61,6.97,2004-07-30 14:10:56.650542974+00:00,False
1091201417.556979,-7.893491,110.88236,116.993815,0.400929,21,185.41,5.37436,8.39,3.03,2004-07-30 15:30:17.556978941+00:00,False
1091212778.388045,-8.293969,110.262362,29.366211,0.22075,24,264.725,33.7068,2.44,2.97,2004-07-30 18:39:38.388045073+00:00,True
1091235581.360874,-9.096244,110.6074,19.895182,0.463822,15,314.273,123.109,6.61,19.89,2004-07-31 00:59:41.360873938+00:00,False
1091281000.999643,-8.363789,108.918811,98.298828,0.472965,46,302.76,115.796,9.8,17.44,2004-07-31 13:36:40.999643087+00:00,False
1091283180.848336,-8.481035,111.378405,19.318685,0.229286,20,318.567,64.0443,3.93,6.41,2004-07-31 14:13:00.848335981+00:00,False
1091284574.428588,-8.095047,111.064845,136.182943,0.288689,15,313.121,11.0016,15.77,4.12,2004-07-31 14:36:14.428587914+00:00,False
1091300148.365835,-8.407262,111.141199,22.118815,0.157818,10,314.525,38.1316,3.66,6.49,2004-07-31 18:55:48.365834951+00:00,False
1091308195.524982,-8.819597,109.804774,41.143229,0.402672,22,288.363,108.917,5.54,13.8,2004-07-31 21:09:55.524981975+00:00,False
1091319828.448903,-8.819597,110.508665,78.039063,0.273431,15,311.432,81.148,10.49,15.44,2004-08-01 00:23:48.448903084+00:00,False
1091339892.856768,-8.811693,111.348517,17.589193,0.418204,29,318.632,86.9876,5.11,6.87,2004-08-01 05:58:12.856767893+00:00,False
1091345682.914146,-8.376963,111.957401,154.466146,0.261354,8,338.379,109.642,53.36,43.2,2004-08-01 07:34:42.914145947+00:00,False
1091366355.266981,-7.634629,111.367926,6.676921,0.363704,29,248.523,25.8233,3.09,3.33,2004-08-01 13:19:15.266980885+00:00,True
1091366477.071708,-7.630676,111.294816,-0.488118,0.128712,8,272.044,17.7815,5.18,5.54,2004-08-01 13:21:17.071707964+00:00,False
1091368860.861148,-7.628042,111.332026,5.523926,0.186924,13,236.918,21.8922,3.08,3.56,2004-08-01 14:01:00.861148119+00:00,True
1091369820.374938,-7.645167,111.349339,1.982585,0.366807,39,228.614,23.7848,2.05,2.21,2004-08-01 14:17:00.374938011+00:00,True
1091370059.37952,-7.629359,111.334687,5.441569,0.336683,20,237.303,22.1782,2.42,2.82,2004-08-01 14:20:59.379519939+00:00,True
1091392388.823239,-8.669418,110.777844,98.628255,0.26955,21,285.694,55.7345,8.65,6.89,2004-08-01 20:33:08.823239088+00:00,False
1091409175.262311,-9.019837,112.013263,224.963542,0.676205,19,319.946,195.784,34.09,40.8,2004-08-02 01:12:55.262310982+00:00,False
1091411804.535583,-9.193729,110.353873,103.404948,0.327367,12,319.009,124.77,18.29,31.52,2004-08-02 01:56:44.535583019+00:00,False
1091431783.7947,-7.110318,109.791067,3.62972,0.11785,9,164.998,10.0896,3.69,3.44,2004-08-02 07:29:43.794699907+00:00,True
1091442752.023638,-7.907982,111.067245,249.670573,0.389085,13,307.882,41.7439,72.0,17.72,2004-08-02 10:32:32.023638010+00:00,False
1091455673.497463,-9.117322,110.281856,26.154297,0.324769,11,325.694,118.324,8.94,21.69,2004-08-02 14:07:53.497462988+00:00,False
1091463651.292881,-8.657562,110.885771,57.367513,0.222902,22,305.566,53.2114,4.91,5.94,2004-08-02 16:20:51.292881012+00:00,False
1091468046.738487,-6.667683,110.920438,8.571126,0.10497,8,114.066,10.0545,2.0,5.08,2004-08-02 17:34:06.738487005+00:00,True
1091472460.566382,-8.540316,112.581459,140.959635,0.264415,17,336.336,178.598,25.57,45.82,2004-08-02 18:47:40.566381931+00:00,False
1091501499.557018,-8.4784,111.452986,91.62793,0.195027,21,309.504,71.0217,7.75,4.48,2004-08-03 02:51:39.557018042+00:00,False
1091505626.74369,-8.270915,110.093978,75.444824,0.349004,53,231.339,41.1021,3.23,2.48,2004-08-03 04:00:26.743690014+00:00,True
1091507928.174817,-8.279478,109.318522,70.297526,0.435344,36,288.836,69.5302,7.3,11.48,2004-08-03 04:38:48.174817085+00:00,False
1091550629.243538,-8.653609,111.129621,61.732422,0.448157,56,299.721,59.3416,4.21,4.3,2004-08-03 16:30:29.243537903+00:00,True
1091551855.966125,-8.652292,110.928407,52.755534,0.212939,17,313.475,68.7478,5.8,9.24,2004-08-03 16:50:55.966125011+00:00,False
1091555688.199212,-8.496184,110.735759,36.407715,0.452369,73,282.269,38.7858,2.6,2.77,2004-08-03 17:54:48.199212074+00:00,True
1091586716.475299,-8.488939,110.74974,38.590169,0.203402,16,298.595,38.0754,3.47,3.34,2004-08-04 02:31:56.475298882+00:00,True
1091588771.201217,-8.620675,110.448701,37.931315,0.265222,13,298.008,60.2721,5.09,8.86,2004-08-04 03:06:11.201216936+00:00,False
1091605569.546091,-8.896004,110.175316,24.177734,0.310496,14,322.193,101.003,8.55,14.54,2004-08-04 07:46:09.546091080+00:00,False
1091620702.887727,-6.956516,110.429321,-1.126383,0.148683,10,173.998,20.2288,1.57,1.32,2004-08-04 11:58:22.887727022+00:00,True
1091632240.319265,-8.876244,110.15,24.095378,0.277354,25,288.306,98.7108,4.2,7.47,2004-08-04 15:10:40.319264889+00:00,True
1091638136.276761,-8.761633,111.239103,69.144531,0.163578,8,342.463,85.3209,29.43,23.13,2004-08-04 16:48:56.276761055+00:00,False
1091646153.337801,-7.309898,109.953455,60.744141,0.195436,9,264.907,6.01907,16.15,9.77,2004-08-04 19:02:33.337800980+00:00,False
1091647770.232763,-8.914447,110.11396,41.802083,0.123649,9,321.884,120.109,23.25,35.04,2004-08-04 19:29:30.232763052+00:00,False
1091650098.237852,-8.867022,110.119343,59.920573,0.131811,9,320.382,114.887,17.44,29.82,2004-08-04 20:08:18.237852097+00:00,False
1091651309.6624,-8.8881,110.119321,46.084635,0.163264,10,321.024,117.225,16.28,30.55,2004-08-04 20:28:29.662400007+00:00,False
1091655496.427365,-9.035645,110.727434,33.566406,0.292006,9,319.09,114.65,52.62,45.05,2004-08-04 21:38:16.427365065+00:00,False
1091683472.867744,-8.318999,110.322259,37.519531,0.278627,21,270.131,35.0763,3.32,3.21,2004-08-05 05:24:32.867743969+00:00,True
1091737278.872083,-8.386185,110.496668,45.178711,0.201492,15,278.401,33.6874,3.78,3.21,2004-08-05 20:21:18.872082949+00:00,True
1091752212.876895,-8.6681,111.194942,71.532878,0.343161,36,311.789,64.3058,5.69,6.07,2004-08-06 00:30:12.876894951+00:00,False
1091774349.127848,-8.9184,110.288643,9.930013,0.596608,121,296.584,96.9663,3.01,3.84,2004-08-06 06:39:09.127847910+00:00,False
1091786467.179187,-8.853849,110.250015,33.401693,0.372457,17,307.121,95.0648,6.77,14.91,2004-08-06 10:01:07.179187059+00:00,False
1091794166.018727,-8.316364,111.198297,132.229818,0.282521,32,300.089,37.9653,7.44,3.04,2004-08-06 12:09:26.018727064+00:00,False
1091795694.838649,-9.620554,112.347239,168.960938,0.547207,24,324.911,237.649,30.32,61.05,2004-08-06 12:34:54.838649035+00:00,False
1091801720.861046,-8.291334,111.093082,16.024414,0.156555,8,319.126,30.7468,6.39,7.81,2004-08-06 14:15:20.861046076+00:00,False
1091807189.756267,-6.947623,111.940567,-2.917643,0.194057,13,319.014,49.5618,6.59,6.58,2004-08-06 15:46:29.756267071+00:00,False
1091819999.839377,-8.853849,111.017968,24.177734,0.216884,12,321.271,90.9498,6.73,13.97,2004-08-06 19:19:59.839376926+00:00,False
1091918780.870253,-8.955286,111.198151,18.989258,0.410977,32,318.766,92.9969,5.33,8.64,2004-08-07 22:46:20.870253086+00:00,False
1091931751.644456,-6.685468,112.434519,229.246094,0.611887,23,306.662,118.125,29.85,21.76,2004-08-08 02:22:31.644455910+00:00,False
1091949796.598708,-8.785346,111.209824,59.755859,0.127856,10,324.359,86.846,14.42,18.32,2004-08-08 07:23:16.598707914+00:00,False
1091968504.784403,-8.885465,111.087348,30.107422,0.184061,16,323.578,81.6984,7.38,10.89,2004-08-08 12:35:04.784403086+00:00,False
1092057900.623594,-9.847141,109.1235,40.154948,0.429838,26,323.814,244.538,13.66,40.21,2004-08-09 13:25:00.623594046+00:00,False
1092070764.226906,-8.774807,110.388697,36.037109,0.28003,11,315.47,78.4958,8.02,14.25,2004-08-09 16:59:24.226906061+00:00,False
1092077651.073222,-7.271365,109.708146,9.003499,0.0223199,10,157.136,3.45761,4.36,3.41,2004-08-09 18:54:11.073221922+00:00,True
1092088108.065034,-8.242592,110.266386,42.955078,0.327517,8,257.93,51.2658,41.09,15.91,2004-08-09 21:48:28.065033913+00:00,False
1092157823.916322,-8.446783,110.712421,18.495117,0.150062,9,305.29,42.3194,4.55,8.75,2004-08-10 17:10:23.916321993+00:00,False
1092165362.221335,-7.226575,109.913387,1.014893,0.15624,8,100.674,5.21262,0.85,1.74,2004-08-10 19:16:02.221334934+00:00,True
1092165412.457766,-7.233821,109.912049,3.979736,0.164042,8,103.507,4.39702,0.9,1.68,2004-08-10 19:16:52.457766056+00:00,True
1092165561.296432,-7.231845,109.912052,4.020915,0.168734,8,102.743,4.61604,0.84,1.71,2004-08-10 19:19:21.296432018+00:00,True
1092165703.367224,-7.231845,109.912052,4.020915,0.165834,8,102.743,4.61604,0.85,1.7,2004-08-10 19:21:43.367223978+00:00,True
1092175063.985053,-8.751094,110.279408,135.029948,0.456431,12,301.501,103.397,38.02,36.27,2004-08-10 21:57:43.985053062+00:00,False
1092200787.876745,-9.193729,108.741788,42.790365,0.497679,22,319.978,250.515,13.37,42.05,2004-08-11 05:06:27.876744986+00:00,False
1092228633.349494,-8.396723,111.538009,120.782227,0.450983,70,288.131,72.8677,3.9,2.93,2004-08-11 12:50:33.349493980+00:00,True
1092241273.607877,-8.811693,111.113891,26.154297,0.169476,10,322.322,87.3443,17.34,20.64,2004-08-11 16:21:13.607877016+00:00,False
1092277789.245789,-8.2584,109.174819,94.67513,0.119381,8,310.034,73.1834,22.45,24.53,2004-08-12 02:29:49.245789051+00:00,False
1092281423.614504,-8.595645,111.268086,71.285807,0.216271,10,329.808,62.7835,12.02,9.99,2004-08-12 03:30:23.614504099+00:00,False
1092298834.610083,-7.268401,109.711139,8.98291,0.088336,8,262.724,7.63782,2.15,2.52,2004-08-12 08:20:34.610083103+00:00,True
1092325606.21177,-9.094926,110.600729,14.541992,0.449747,39,299.896,106.46,4.54,7.98,2004-08-12 15:46:46.211770058+00:00,True
1092333668.511985,-8.716843,110.340735,37.354818,0.350877,16,306.695,73.9278,6.59,11.52,2004-08-12 18:01:08.511985064+00:00,False
1092338895.875263,-8.86307,110.683326,1.035482,0.488728,24,305.597,99.8345,6.59,7.89,2004-08-12 19:28:15.875262976+00:00,False
1092351579.991292,-8.823549,110.371352,34.966471,0.342957,18,303.816,84.2241,5.36,10.94,2004-08-12 22:59:39.991292+00:00,False
1092365218.053538,-8.917082,109.871264,39.990234,0.456154,19,289.281,114.5,6.17,15.74,2004-08-13 02:46:58.053538084+00:00,False
1092365798.552309,-8.860436,109.854028,21.295247,0.462592,30,286.655,109.904,3.98,11.26,2004-08-13 02:56:38.552309036+00:00,True
1092413833.078222,-7.516724,110.980348,18.989258,0.0835056,8,181.752,4.60594,17.39,6.91,2004-08-13 16:17:13.078222036+00:00,False
1092415190.217187,-7.33888,108.909419,136.347656,0.328195,8,309.072,73.9632,54.51,31.58,2004-08-13 16:39:50.217186928+00:00,False
1092434205.177161,-7.229539,109.612277,14.871419,0.199229,11,187.603,2.60521,3.48,2.3,2004-08-13 21:56:45.177160978+00:00,True
1092435219.831741,-9.048819,111.210338,10.671224,0.42702,16,322.619,115.235,8.92,13.47,2004-08-13 22:13:39.831741095+00:00,False
1092470907.738122,-8.877561,111.132668,25.001302,0.330133,13,319.65,90.1388,6.34,10.23,2004-08-14 08:08:27.738121986+00:00,False
1092485027.601255,-9.27804,112.297346,40.813802,0.394957,21,326.78,197.513,14.66,30.62,2004-08-14 12:03:47.601254940+00:00,False
1092510833.782884,-8.442831,111.225161,103.569661,0.160955,8,328.814,47.7584,24.12,13.3,2004-08-14 19:13:53.782883883+00:00,False
1092512508.894234,-8.574568,111.523836,84.462891,0.255598,11,329.29,83.095,14.15,16.17,2004-08-14 19:41:48.894233942+00:00,False
1092512750.636564,-8.686544,110.240799,37.931315,0.416292,29,272.131,75.4181,4.42,7.22,2004-08-14 19:45:50.636564016+00:00,True
1092566453.846905,-6.722025,110.720517,9.415283,0.192367,18,137.639,10.0428,1.2,2.37,2004-08-15 10:40:53.846904993+00:00,True
1092588230.314214,-8.407262,109.721634,48.967122,0.302941,32,263.467,72.8038,3.56,6.99,2004-08-15 16:43:50.314213991+00:00,True
1092591094.400207,-8.686544,110.816503,89.157227,0.334574,29,303.749,56.9009,7.5,5.2,2004-08-15 17:31:34.400207043+00:00,False
1092591494.072976,-8.527143,109.067336,-0.858724,0.62653,42,300.478,105.143,10.77,21.66,2004-08-15 17:38:14.072976112+00:00,False
1092605221.100381,-8.544268,110.821712,65.60319,0.192732,16,313.705,41.1611,5.45,4.08,2004-08-15 21:27:01.100380898+00:00,False
1092653094.640729,-8.054209,109.618548,86.52181,0.352948,29,246.15,44.4951,8.03,5.16,2004-08-16 10:44:54.640728951+00:00,False
1092657693.416946,-7.350407,109.622996,0.232503,0.126806,8,249.391,9.56059,4.55,3.56,2004-08-16 12:01:33.416945934+00:00,True
1092669952.779166,-9.18319,110.364553,30.93099,0.406106,14,314.001,123.399,11.49,27.76,2004-08-16 15:25:52.779165983+00:00,False
1092676759.756692,-7.267413,109.999656,12.380127,0.187152,16,75.1233,1.07282,1.26,1.71,2004-08-16 17:19:19.756691933+00:00,True
1092783765.702917,-8.943429,111.226133,34.060547,0.178945,13,324.478,92.9784,8.04,14.59,2004-08-17 23:02:45.702917099+00:00,False
1092819856.502346,-8.849897,110.219354,34.966471,0.425851,39,283.879,92.7015,3.53,7.69,2004-08-18 09:04:16.502346038+00:00,True
1092831519.992393,-9.404507,110.150819,15.777344,0.40214,10,329.713,153.032,32.36,44.63,2004-08-18 12:18:39.992393017+00:00,False
1092838688.467949,-8.57852,110.238208,61.485352,0.311155,21,291.886,65.0359,6.66,7.68,2004-08-18 14:18:08.467948914+00:00,False
1092843402.017198,-8.859118,111.647279,39.990234,0.366246,36,317.429,113.009,5.02,12.02,2004-08-18 15:36:42.017198086+00:00,False
1092849976.072256,-8.421753,111.395582,122.676432,0.294135,17,315.417,62.2715,13.58,5.61,2004-08-18 17:26:16.072256088+00:00,False
1092853696.631532,-8.26367,111.528337,124.323568,0.319259,30,295.733,64.6419,7.51,4.81,2004-08-18 18:28:16.631531954+00:00,False
1092897211.08621,-8.536364,109.702724,40.072591,0.431704,89,272.937,80.7823,2.66,5.05,2004-08-19 06:33:31.086210012+00:00,True
1092899108.523166,-8.484987,109.717482,56.461589,0.174203,9,301.521,80.6461,9.61,16.68,2004-08-19 07:05:08.523165941+00:00,False
1092915901.170559,-8.257742,110.360224,56.008626,0.295127,27,241.436,28.0732,3.99,2.66,2004-08-19 11:45:01.170558929+00:00,True
1092920809.741811,-8.374328,109.067903,42.296224,0.293694,20,310.682,90.1579,9.23,20.42,2004-08-19 13:06:49.741811037+00:00,False
1092926672.749892,-7.242713,109.856596,18.659831,0.440532,16,108.226,6.68021,6.65,8.17,2004-08-19 14:44:32.749891996+00:00,False
1092930634.23189,-8.587741,109.719936,53.002604,0.276018,19,279.443,90.8916,7.04,15.02,2004-08-19 15:50:34.231889963+00:00,False
1092934805.451815,-8.181993,108.267393,113.28776,0.426293,39,322.1,176.947,15.68,41.35,2004-08-19 17:00:05.451814890+00:00,False
1092938872.367267,-8.831454,111.17925,35.625326,0.176834,16,324.661,79.5186,5.32,9.01,2004-08-19 18:07:52.367266893+00:00,False
1092943261.407615,-8.269598,110.271029,35.995931,0.21721,35,247.447,30.8356,2.28,1.93,2004-08-19 19:21:01.407614946+00:00,True
1092946623.681996,-8.390137,109.073171,39.001953,0.315051,8,310.296,91.3838,14.5,23.01,2004-08-19 20:17:03.681996107+00:00,False
1092951323.778796,-9.043549,110.527347,29.119141,0.343871,15,323.128,103.317,7.65,16.4,2004-08-19 21:35:23.778795958+00:00,False
1092982829.487491,-8.475765,110.704446,39.413737,0.152475,10,332.019,37.3362,5.04,4.11,2004-08-20 06:20:29.487490892+00:00,False
1093017202.398166,-8.193849,111.92611,-2.917643,0.495574,27,297.806,97.1858,8.06,8.74,2004-08-20 15:53:22.398165941+00:00,False
1093021930.801037,-8.026544,109.952537,100.275391,0.250277,15,238.17,23.5227,10.09,5.11,2004-08-20 17:12:10.801037073+00:00,False
1093026631.000343,-8.726064,110.272758,37.437174,0.356761,26,300.226,77.7445,4.58,7.41,2004-08-20 18:30:31.000343084+00:00,False
1093027522.134031,-8.848579,110.959298,35.048828,0.353809,34,309.51,74.922,4.1,5.94,2004-08-20 18:45:22.134031057+00:00,False
1093038680.185618,-8.228101,110.531277,90.145508,0.443376,35,227.237,15.7246,5.17,2.83,2004-08-20 21:51:20.185617924+00:00,False
1093041783.133288,-8.811693,109.46085,22.201172,0.257464,15,305.896,126.034,9.81,26.9,2004-08-20 22:43:03.133287907+00:00,False
1093055046.451773,-8.695765,110.015569,39.990234,0.273778,10,313.197,85.396,6.77,11.71,2004-08-21 02:24:06.451772928+00:00,False
1093083505.379285,-8.073969,109.995051,97.969401,0.32181,18,254.93,27.0069,11.42,5.83,2004-08-21 10:18:25.379285097+00:00,False
1093096042.000466,-8.177382,111.303857,-1.72347,0.429507,32,267.757,38.4961,5.09,4.26,2004-08-21 13:47:22.000466108+00:00,False
1093105424.651492,-8.74319,108.975883,87.427734,0.406633,30,314.79,131.114,13.02,30.85,2004-08-21 16:23:44.651492119+00:00,False
1093113233.810467,-7.677114,111.158984,-0.96167,0.210395,13,209.423,5.19523,2.65,1.7,2004-08-21 18:33:53.810467005+00:00,True
1093113392.518404,-7.514748,109.868824,15.159668,0.115046,8,124.373,15.4461,1.65,3.13,2004-08-21 18:36:32.518404007+00:00,True
1093117710.977294,-8.614089,110.652558,96.157552,0.222659,14,304.628,58.6721,11.5,8.89,2004-08-21 19:48:30.977293968+00:00,False
1093119969.116233,-9.262232,110.508678,70.132813,0.246996,12,322.466,144.983,12.42,28.1,2004-08-21 20:26:09.116233110+00:00,False
1093121019.951357,-9.059357,110.64474,18.248047,0.357544,19,313.127,107.806,5.83,13.31,2004-08-21 20:43:39.951356888+00:00,False
1093130549.531452,-7.96858,111.772339,172.749349,0.424408,36,291.331,73.7476,8.11,4.51,2004-08-21 23:22:29.531451941+00:00,False
1093188289.780178,-8.413849,111.696527,117.89974,0.119037,11,342.808,88.8371,17.76,13.63,2004-08-22 15:24:49.780178070+00:00,False
1093195102.651044,-8.810376,110.422014,27.060221,0.427001,36,303.36,81.5065,3.44,6.18,2004-08-22 17:18:22.651043892+00:00,False
1093211169.554695,-7.99394,110.418515,19.009847,0.269351,30,136.595,6.99963,1.46,1.3,2004-08-22 21:46:09.554694891+00:00,True
1093219047.421323,-7.989658,109.675889,165.172526,0.294485,14,232.399,40.6455,22.37,8.4,2004-08-22 23:57:27.421323061+00:00,False
1093263167.963985,-8.411214,109.690997,64.367839,0.211408,16,306.977,74.8865,8.8,11.51,2004-08-23 12:12:47.963984966+00:00,False
1093267458.172588,-8.479717,111.315801,89.733724,0.223079,14,333.011,61.2707,12.14,9.89,2004-08-23 13:24:18.172588110+00:00,False
1093284882.943849,-8.247861,109.222775,66.014974,0.208087,13,301.346,69.8076,10.2,14.76,2004-08-23 18:14:42.943849087+00:00,False
1093331310.193196,-8.116784,110.39221,116.787923,0.431991,102,198.826,13.0221,3.11,2.11,2004-08-24 07:08:30.193196058+00:00,True
1093350690.031917,-9.047501,110.803477,27.060221,0.388335,31,312.058,96.9651,5.0,8.97,2004-08-24 12:31:30.031917095+00:00,False
1093394495.099582,-8.129299,111.440161,131.735677,0.144623,8,330.359,51.2307,20.04,8.97,2004-08-25 00:41:35.099581957+00:00,False
1093438369.411206,-8.839358,110.382012,33.97819,0.293213,20,304.792,85.6288,4.35,10.03,2004-08-25 12:52:49.411206007+00:00,False
1093464864.267011,-8.498161,108.606577,82.321615,0.198858,10,338.411,132.944,18.42,30.44,2004-08-25 20:14:24.267010927+00:00,False
1093465467.675034,-8.74846,110.724588,62.061849,0.125999,11,313.141,84.1768,9.02,15.28,2004-08-25 20:24:27.675034046+00:00,False
1093466164.62034,-8.621993,111.545283,76.886068,0.253545,12,327.793,87.9342,11.91,15.94,2004-08-25 20:36:04.620340109+00:00,False
1093474649.382756,-8.244568,110.292342,31.383952,0.162874,14,256.039,35.098,2.81,3.67,2004-08-25 22:57:29.382755995+00:00,True
1093512749.826635,-8.774807,110.863233,37.025391,0.2437,14,311.401,70.4102,5.11,11.26,2004-08-26 09:32:29.826634884+00:00,False
1093541407.516129,-7.783491,110.674174,40.278483,0.144067,10,119.978,11.547,3.23,2.99,2004-08-26 17:30:07.516129017+00:00,True
1093543290.033341,-9.320196,111.176174,149.52474,0.697414,61,306.732,205.802,15.76,31.86,2004-08-26 18:01:30.033340930+00:00,False
1093561060.384134,-9.162112,111.368021,81.66276,0.415224,17,337.713,132.008,18.84,30.53,2004-08-26 22:57:40.384134054+00:00,False
1093585595.621168,-8.836723,110.963283,36.448893,0.300882,29,312.632,73.6635,4.19,5.74,2004-08-27 05:46:35.621167898+00:00,False
1093629726.83407,-8.261035,108.474612,87.921875,0.466059,24,317.356,170.331,18.95,42.97,2004-08-27 18:02:06.834069967+00:00,False
1093630862.625352,-7.424509,111.405367,20.142253,0.222324,9,312.97,30.9563,9.61,8.56,2004-08-27 18:21:02.625351906+00:00,False
1093635476.582843,-6.844869,110.199465,2.188477,0.166856,8,211.728,47.6999,19.68,16.32,2004-08-27 19:37:56.582843065+00:00,False
1093664867.329442,-8.599598,111.330714,24.918945,0.317872,36,313.019,67.9233,3.19,3.57,2004-08-28 03:47:47.329442024+00:00,False
1093669314.854201,-8.201754,110.531274,82.898112,0.168981,12,241.187,12.9421,5.74,3.21,2004-08-28 05:01:54.854201078+00:00,False
1093677083.839739,-8.549538,111.128115,71.697591,0.161229,20,306.622,49.255,5.46,4.33,2004-08-28 07:11:23.839739084+00:00,False
1093719592.377375,-8.74846,110.884533,41.63737,0.271881,20,310.665,67.8814,4.64,7.05,2004-08-28 18:59:52.377374887+00:00,False
1093723388.285744,-8.216245,110.963859,98.957682,0.29529,16,265.566,9.88523,9.12,3.55,2004-08-28 20:03:08.285743952+00:00,False
1093728702.387774,-9.114687,111.746821,16.106771,0.371276,8,343.247,146.142,99.82,48.49,2004-08-28 21:31:42.387773991+00:00,False
1093728889.295704,-8.019299,110.328377,112.670085,0.38303,64,185.453,3.41468,3.47,1.97,2004-08-28 21:34:49.295703888+00:00,True
1093775730.805783,-8.844627,110.310016,25.907227,0.415515,36,300.596,88.4459,3.84,10.01,2004-08-29 10:35:30.805783033+00:00,False
1093791090.633178,-7.871095,112.636468,203.221354,0.316369,10,347.817,163.174,55.92,34.88,2004-08-29 14:51:30.633177996+00:00,False
1093793050.526519,-9.143669,110.393923,12.318359,0.565562,39,299.628,118.457,5.83,15.81,2004-08-29 15:24:10.526519060+00:00,False
1093794594.557346,-9.148938,110.399259,22.860026,0.377929,14,316.49,134.401,10.11,27.69,2004-08-29 15:49:54.557346106+00:00,False
1093794654.709033,-9.089657,110.389937,6.635742,0.414343,24,314.748,112.666,6.38,9.5,2004-08-29 15:50:54.709033012+00:00,False
1093796774.741196,-8.903909,112.215461,-2.341146,0.156622,8,351.205,166.028,36.36,35.58,2004-08-29 16:26:14.741195917+00:00,False
1093799859.976803,-9.143669,110.367237,10.341797,0.496794,28,299.493,119.027,6.68,19.68,2004-08-29 17:17:39.976803064+00:00,False
1093833309.47678,-8.690496,110.681908,95.004557,0.211329,11,298.534,61.0072,14.92,13.75,2004-08-30 02:35:09.476779938+00:00,False
1093873271.655921,-7.283222,109.554068,6.368083,0.109983,12,226.496,6.4341,1.59,1.68,2004-08-30 13:41:11.655920982+00:00,True
1093878388.752903,-7.500257,109.872832,13.84196,0.0675791,9,186.419,18.969,2.16,3.13,2004-08-30 15:06:28.752902985+00:00,True
1093891715.742852,-7.288162,109.545093,2.641439,0.0394426,8,245.174,7.56167,3.03,2.2,2004-08-30 18:48:35.742851973+00:00,True
1093900806.938017,-8.160915,108.469799,159.407552,0.560884,22,320.758,138.794,25.13,34.45,2004-08-30 21:20:06.938016891+00:00,False
1093902132.754079,-8.917082,111.050061,18.577474,0.568814,78,302.624,84.0948,3.53,4.17,2004-08-30 21:42:12.754079103+00:00,False
1093912064.778628,-5.738283,110.629076,5.482747,0.095267,9,251.789,26.0216,5.9,7.54,2004-08-31 00:27:44.778628111+00:00,False
1093961232.351577,-8.855166,110.275346,26.07194,0.381056,34,286.855,90.8503,3.44,6.6,2004-08-31 14:07:12.351577044+00:00,True
1093962590.249347,-7.051695,111.865227,11.000651,0.388125,42,273.297,43.9554,3.68,5.22,2004-08-31 14:29:50.249346972+00:00,True
1093964944.853595,-8.769537,110.932541,37.684245,0.165675,10,334.038,81.7078,9.43,18.66,2004-08-31 15:09:04.853595018+00:00,False
1093977089.334327,-7.816425,110.573129,18.618652,0.119334,10,174.104,5.48038,3.13,2.48,2004-08-31 18:31:29.334326982+00:00,True
1094013306.286736,-8.980316,111.258216,26.154297,0.280186,15,323.067,98.1652,8.63,16.69,2004-09-01 04:35:06.286736012+00:00,False
1094067649.751791,-8.674687,109.551848,25.166016,0.415533,31,286.803,107.854,5.07,14.9,2004-09-01 19:40:49.751791+00:00,False
1094067762.825052,-7.211096,110.249689,249.917643,0.482158,47,94.7268,7.06114,8.16,3.02,2004-09-01 19:42:42.825052023+00:00,False
1094081556.451823,-7.349419,109.185663,237.152344,0.424378,31,299.059,47.2369,21.19,6.76,2004-09-01 23:32:36.451822996+00:00,False
1094086912.362831,-7.506844,109.871493,13.018392,0.117567,8,183.039,16.2592,3.04,3.18,2004-09-02 01:01:52.362831116+00:00,True
1094092012.804978,-8.687861,110.567298,36.860677,0.254341,9,303.561,66.3595,7.17,18.8,2004-09-02 02:26:52.804977894+00:00,False
1094105432.763937,-9.03301,111.15695,15.283203,0.199822,17,324.421,106.975,6.68,11.38,2004-09-02 06:10:32.763936996+00:00,False
1094158093.581459,-8.342712,111.858745,116.746745,0.2479,21,320.622,98.4716,10.14,7.99,2004-09-02 20:48:13.581459045+00:00,False
1094172304.203831,-8.516604,109.733402,40.978516,0.419415,51,270.215,78.0804,3.11,5.96,2004-09-03 00:45:04.203830957+00:00,True
1094177275.727142,-8.647023,111.136272,97.887044,0.266169,26,310.246,59.0335,7.11,4.89,2004-09-03 02:07:55.727142096+00:00,False
1094192359.107134,-8.442831,109.690931,62.391276,0.0847087,11,317.673,77.9086,7.59,11.85,2004-09-03 06:19:19.107134104+00:00,False
1094205063.316042,-8.357203,110.470038,83.886393,0.14353,9,284.408,31.4927,8.72,4.8,2004-09-03 09:51:03.316041946+00:00,False
1094217148.43003,-9.346543,111.70492,174.231771,0.248797,13,342.344,190.075,50.45,60.46,2004-09-03 13:12:28.430030107+00:00,False
1094231930.589784,-8.959238,111.562241,10.671224,0.139148,10,349.692,114.42,15.42,10.46,2004-09-03 17:18:50.589783907+00:00,False
1094245312.027645,-8.732651,110.260759,30.107422,0.42655,19,298.64,91.9977,7.51,14.0,2004-09-03 21:01:52.027645111+00:00,False
1094250470.099023,-9.048819,111.167651,29.777995,0.453003,25,320.056,101.637,6.95,13.09,2004-09-03 22:27:50.099023104+00:00,False
1094261785.618241,-9.03301,111.167621,21.871745,0.268858,19,324.944,99.9661,7.62,12.37,2004-09-04 01:36:25.618241072+00:00,False
1094282249.627992,-6.720707,110.716537,9.703532,0.244895,25,131.076,10.4885,1.28,2.57,2004-09-04 07:17:29.627991915+00:00,True
1094292108.194563,-8.337442,109.211833,35.378255,0.098853,8,308.584,79.4198,11.57,20.66,2004-09-04 10:01:48.194562912+00:00,False
1094294622.089556,-8.614089,111.217493,93.522135,0.259276,28,325.58,60.7882,8.83,5.09,2004-09-04 10:43:42.089555979+00:00,False
1094318942.305745,-8.305825,111.464544,115.099609,0.151564,19,297.368,60.7149,14.6,5.51,2004-09-04 17:29:02.305744886+00:00,False
1094323101.153952,-8.346664,110.310263,30.189779,0.264369,19,264.322,56.4514,3.32,8.76,2004-09-04 18:38:21.153951883+00:00,True
1094323844.984662,-7.075408,108.506791,112.628906,0.426046,10,323.451,121.771,29.17,39.23,2004-09-04 18:50:44.984662056+00:00,False
1094328745.770689,-9.304387,108.372796,203.221354,0.411268,20,331.901,223.918,38.75,62.3,2004-09-04 20:12:25.770689011+00:00,False
1094333993.567217,-8.890735,111.103357,33.401693,0.254324,26,324.052,82.759,4.59,6.75,2004-09-04 21:39:53.567217112+00:00,False
1094335101.731576,-8.889418,111.112688,28.542643,0.170173,24,324.224,82.9252,4.59,5.77,2004-09-04 21:58:21.731575966+00:00,False
1094339682.041587,-7.773281,110.049599,13.491943,0.120418,10,125.824,7.0291,1.29,2.42,2004-09-04 23:14:42.041587114+00:00,True
1094358738.24865,-9.154208,111.365333,0.129557,0.314046,32,323.796,120.661,8.16,9.68,2004-09-05 04:32:18.248650074+00:00,False
1094386745.480172,-8.268939,109.755189,75.568359,0.226099,11,292.37,57.7636,11.17,10.26,2004-09-05 12:19:05.480171919+00:00,False
1094396265.034161,-6.716097,110.721841,9.991781,0.24769,24,123.73,9.9448,1.53,3.38,2004-09-05 14:57:45.034161091+00:00,True
1094417978.066593,-9.004028,111.783783,11.824219,0.33909,10,344.482,138.784,30.36,37.51,2004-09-05 20:59:38.066592931+00:00,False
1094427129.456097,-7.59906,111.215015,1.07666,0.16767,9,269.443,9.94979,5.85,6.15,2004-09-05 23:32:09.456096888+00:00,False
1094441226.91761,-7.760437,110.684136,39.496094,0.102245,10,249.201,12.4181,3.75,1.91,2004-09-06 03:27:06.917609930+00:00,True
1094447685.114773,-8.595645,110.569946,71.615234,0.12662,10,303.995,54.7347,11.57,10.99,2004-09-06 05:14:45.114773035+00:00,False
1094479427.714408,-8.494208,111.548928,124.405924,0.477696,94,293.04,80.2464,3.93,2.89,2004-09-06 14:03:47.714407921+00:00,True
1094484366.060705,-8.520556,109.953185,30.025065,0.0971307,9,302.993,76.749,5.87,11.56,2004-09-06 15:26:06.060704947+00:00,False
1094489438.754994,-8.279478,109.196049,55.802734,0.263143,11,303.187,74.2302,10.31,15.94,2004-09-06 16:50:38.754993916+00:00,False
1094489565.905526,-8.512652,110.579254,20.96582,0.229688,13,292.259,55.5607,4.84,13.03,2004-09-06 16:52:45.905525923+00:00,True
1094489880.079113,-8.300556,109.169353,51.190755,0.43194,16,302.3,77.6206,7.69,17.16,2004-09-06 16:58:00.079113007+00:00,False
1094492014.047122,-8.2584,109.174819,59.426432,0.131337,11,304.878,73.1834,11.24,15.14,2004-09-06 17:33:34.047122002+00:00,False
1094495594.213823,-7.610257,109.065262,190.208984,0.340677,31,297.133,47.0321,13.26,4.96,2004-09-06 18:33:14.213823080+00:00,False
1094504005.266139,-8.236005,111.465704,14.047852,0.207657,19,317.872,57.4209,3.74,7.01,2004-09-06 20:53:25.266139030+00:00,False
1094512560.558182,-8.179358,109.180407,67.003255,0.220444,18,304.574,65.235,11.54,14.51,2004-09-06 23:16:00.558182001+00:00,False
1094523866.987078,-8.347981,109.771017,68.979818,0.154441,10,310.567,64.4197,8.65,10.26,2004-09-07 02:24:26.987077951+00:00,False
1094558149.299203,-8.344029,111.489936,1.694336,0.178935,17,322.595,65.2723,5.67,7.47,2004-09-07 11:55:49.299202919+00:00,False
1094568281.381215,-8.056844,110.329027,95.745768,0.198431,18,206.617,18.8745,8.82,4.13,2004-09-07 14:44:41.381215096+00:00,False
1094569028.513947,-8.46325,110.855606,25.701335,0.320874,42,285.363,36.1922,2.49,3.66,2004-09-07 14:57:08.513947010+00:00,True
1094569734.625027,-8.259718,109.184133,62.473633,0.371074,40,294.755,72.841,5.38,9.95,2004-09-07 15:08:54.625026941+00:00,False
1094570758.310542,-8.832771,110.202035,39.990234,0.377956,21,306.979,91.802,5.8,12.14,2004-09-07 15:25:58.310542107+00:00,False
1094575801.690901,-8.881513,111.128675,25.083659,0.150446,23,324.395,90.3454,4.88,8.29,2004-09-07 16:50:01.690901041+00:00,False
1094577277.535313,-8.459957,110.896225,23.27181,0.145612,13,319.44,37.1849,3.95,5.59,2004-09-07 17:14:37.535312891+00:00,False
1094578250.007454,-8.270915,110.267035,36.243001,0.219176,26,257.523,31.1106,2.6,2.59,2004-09-07 17:30:50.007453918+00:00,True
1094578293.859157,-8.469179,109.653583,67.662109,0.281261,26,276.287,82.525,6.49,12.09,2004-09-07 17:31:33.859157085+00:00,False
1094581435.229984,-9.101513,110.00436,18.248047,0.297908,18,318.564,127.847,7.55,22.96,2004-09-07 18:23:55.229984045+00:00,False
1094592768.587391,-8.519238,109.949191,42.13151,0.28582,23,266.634,72.561,4.1,7.26,2004-09-07 21:32:48.587390900+00:00,True
1094611439.502491,-9.636363,111.561629,82.321615,0.704312,22,321.853,224.456,17.27,46.24,2004-09-08 02:43:59.502490997+00:00,False
1094643310.787552,-6.698971,110.760963,11.185954,0.133256,18,177.424,6.30609,1.0,0.86,2004-09-08 11:35:10.787552118+00:00,True
1094668476.356241,-7.847383,109.787878,112.79362,0.289894,13,202.881,24.8175,11.54,4.96,2004-09-08 18:34:36.356240988+00:00,False
1094693974.331107,-7.634299,111.10841,7.685791,0.372195,36,97.1549,2.80535,1.6,1.77,2004-09-09 01:39:34.331106901+00:00,True
1094743122.674204,-7.794688,108.990178,103.899089,0.292403,18,309.099,56.2213,12.78,7.97,2004-09-09 15:18:42.674204111+00:00,False
1094747232.537437,-8.848579,109.828718,33.072266,0.341999,25,280.474,110.202,5.37,15.71,2004-09-09 16:27:12.537436962+00:00,False
1094757676.424441,-9.056723,110.279225,59.920573,0.423458,28,302.631,111.933,6.84,16.16,2004-09-09 19:21:16.424441099+00:00,False
1094762745.354049,-8.398041,109.741627,49.049479,0.282567,16,295.622,70.8478,6.24,11.01,2004-09-09 20:45:45.354048967+00:00,False
1094831364.859298,-8.873609,110.952663,32.495768,0.222242,19,302.755,89.4212,4.16,10.63,2004-09-10 15:49:24.859297991+00:00,False
1094836948.230817,-7.627054,111.119697,8.22111,0.215131,19,131.744,1.93705,0.96,0.8,2004-09-10 17:22:28.230817080+00:00,True
1094847778.612619,-8.500795,112.285541,123.005859,0.332087,35,319.164,119.082,10.51,6.47,2004-09-10 20:22:58.612618923+00:00,False
1094865516.547559,-8.806424,110.250047,88.745443,0.403515,10,296.92,86.9081,16.37,18.59,2004-09-11 01:18:36.547559023+00:00,False
1094867000.039316,-7.533192,109.875442,10.053548,0.262886,16,166.711,13.2972,1.47,2.98,2004-09-11 01:43:20.039315939+00:00,True
1094884768.816643,-8.9184,111.099402,17.506836,0.479017,68,304.018,75.2784,3.26,4.23,2004-09-11 06:39:28.816643+00:00,False
1094888477.527845,-8.073969,111.298993,134.865234,0.288719,10,258.365,7.38987,22.44,5.59,2004-09-11 07:41:17.527844906+00:00,False
1094896405.429187,-8.109538,110.501992,124.570638,0.236024,31,200.72,7.91511,6.79,2.51,2004-09-11 09:53:25.429187059+00:00,False
1094942508.787891,-8.471155,111.104678,32.784017,0.0996669,13,276.565,31.8894,3.01,3.4,2004-09-11 22:41:48.787890911+00:00,True
1095002259.400208,-8.334149,111.470605,4.947428,0.446281,75,284.425,31.5677,2.95,2.71,2004-09-12 15:17:39.400207996+00:00,True
1095013284.918218,-8.903909,109.121898,224.304687,0.655825,10,346.739,197.62,85.96,68.84,2004-09-12 18:21:24.918217897+00:00,False
1095020315.379942,-8.46852,110.79834,21.99528,0.224856,18,265.253,40.6218,2.6,5.23,2004-09-12 20:18:35.379941940+00:00,True
1095094472.203661,-8.444149,110.810973,23.107096,0.181621,15,270.599,40.1714,2.63,6.35,2004-09-13 16:54:32.203660965+00:00,True
1095130681.584299,-7.275647,109.058386,121.19401,0.397287,11,336.698,65.0022,61.37,32.6,2004-09-14 02:58:01.584299088+00:00,False
1095148580.65232,-10.134326,112.363511,166.819661,0.890182,36,336.69,246.825,17.47,25.96,2004-09-14 07:56:20.652319908+00:00,False
1095153118.433255,-8.57852,110.001064,29.366211,0.476199,63,256.466,74.724,2.6,4.07,2004-09-14 09:11:58.433254957+00:00,True
1095163099.966061,-8.944747,110.750047,68.568034,0.341874,38,294.514,86.3877,6.09,10.51,2004-09-14 11:58:19.966061115+00:00,False
1095166145.498789,-8.625945,111.424043,14.541992,0.380311,51,311.172,50.3286,3.1,4.95,2004-09-14 12:49:05.498789072+00:00,False
1095179607.53541,-10.131692,111.627468,150.842448,0.398829,23,338.932,225.64,25.14,22.2,2004-09-14 16:33:27.535409927+00:00,False
1095183128.056279,-9.03828,110.319254,28.130859,0.244684,10,325.367,108.766,9.57,19.97,2004-09-14 17:32:08.056278944+00:00,False
1095183491.832575,-8.567981,111.450546,32.001628,0.245362,33,318.578,46.8825,3.47,3.21,2004-09-14 17:38:11.832575083+00:00,False
1095190318.889501,-8.174089,110.867986,95.004557,0.220863,37,176.259,1.66284,4.2,1.85,2004-09-14 19:31:58.889501095+00:00,True
1095192047.614768,-8.451394,110.80765,22.24235,0.192411,22,263.275,41.0037,2.28,5.29,2004-09-14 20:00:47.614768028+00:00,True
1095194527.852562,-8.581154,111.453243,24.095378,0.215207,21,328.648,53.8193,4.81,6.44,2004-09-14 20:42:07.852561951+00:00,False
1095196080.270234,-8.574568,111.427914,26.154297,0.162319,8,339.665,52.143,9.18,13.82,2004-09-14 21:08:00.270234108+00:00,False
1095199635.904151,-7.921814,110.656942,15.653809,0.210856,20,110.569,4.96593,1.07,1.17,2004-09-14 22:07:15.904150963+00:00,True
1095218862.361846,-8.921034,110.317978,24.918945,0.431161,26,300.653,99.6553,4.08,10.79,2004-09-15 03:27:42.361845970+00:00,False
1095237388.866088,-7.448222,109.925385,17.671549,0.260661,10,296.828,26.923,5.89,7.35,2004-09-15 08:36:28.866087914+00:00,False
1095245181.156918,-8.790615,109.604875,41.63737,0.458494,37,285.666,116.62,5.99,16.07,2004-09-15 10:46:21.156918049+00:00,False
1095246098.483625,-8.701035,110.308756,39.001953,0.472886,23,284.15,73.5892,5.78,8.73,2004-09-15 11:01:38.483624935+00:00,False
1095249538.97048,-8.010736,110.282484,101.593099,0.381974,11,200.76,32.4413,17.55,6.61,2004-09-15 11:58:58.970479965+00:00,False
1095250527.507226,-8.780076,109.764859,33.072266,0.307707,15,308.09,107.878,8.43,17.79,2004-09-15 12:15:27.507225990+00:00,False
1095273920.912387,-8.927621,111.796848,19.236328,0.235408,24,335.995,105.669,9.06,9.79,2004-09-15 18:45:20.912386894+00:00,False
1095274157.889338,-9.043549,111.258349,15.942057,0.302803,17,323.812,101.276,7.57,12.5,2004-09-15 18:49:17.889338017+00:00,False
1095274326.863703,-7.834209,108.418232,143.595052,0.413767,16,335.327,151.195,37.21,44.01,2004-09-15 18:52:06.863703012+00:00,False
1095276751.500866,-8.337442,109.169227,40.319661,0.215434,12,314.188,81.3092,8.82,17.36,2004-09-15 19:32:31.500865935+00:00,False
1095276805.242014,-8.312412,111.370034,119.135091,0.227988,35,309.88,22.8946,6.34,2.39,2004-09-15 19:33:25.242013931+00:00,False
1095287075.985581,-7.681395,112.699308,137.335938,0.357545,9,315.659,165.618,30.77,55.3,2004-09-15 22:24:35.985580921+00:00,False
1095334654.77743,-7.602353,112.108804,185.761719,0.406984,9,294.985,110.801,53.31,54.06,2004-09-16 11:37:34.777430058+00:00,False
1095351728.362335,-8.137203,110.277094,119.052734,0.302956,28,228.62,17.0417,6.19,3.08,2004-09-16 16:22:08.362334967+00:00,False
1095352134.667213,-8.859118,111.82327,27.142578,0.290966,22,335.156,98.5253,10.33,10.44,2004-09-16 16:28:54.667212963+00:00,False
1095366698.248012,-8.79325,111.111195,61.897135,0.225445,8,328.298,75.4623,25.58,27.72,2004-09-16 20:31:38.248012066+00:00,False
1095381603.442666,-7.491695,112.91093,97.804688,1.04644,9,323.785,198.591,35.08,59.0,2004-09-17 00:40:03.442666054+00:00,False
1095421616.480195,-7.351395,110.031109,8.98291,0.243693,19,121.043,10.1269,1.57,1.53,2004-09-17 11:46:56.480195045+00:00,True
1095423343.124379,-8.576544,110.733144,28.007324,0.243745,43,264.523,47.159,2.12,3.97,2004-09-17 12:15:43.124378920+00:00,True
1095426722.234225,-8.487622,108.404172,131.076823,0.58701,15,318.705,211.849,28.47,60.28,2004-09-17 13:12:02.234225035+00:00,False
1095429485.083702,-8.122053,110.158003,97.598796,0.344441,51,206.803,23.159,4.12,2.27,2004-09-17 13:58:05.083702087+00:00,True
1095432981.286883,-8.304508,111.396643,118.970378,0.302369,37,310.69,23.7492,8.32,2.42,2004-09-17 14:56:21.286883116+00:00,False
1095441113.878202,-8.885465,110.191326,32.413411,0.392137,17,297.409,97.5869,7.08,16.48,2004-09-17 17:11:53.878201962+00:00,False
1095441493.409247,-9.077801,110.631407,32.248698,0.392804,8,323.171,126.315,61.34,40.39,2004-09-17 17:18:13.409246922+00:00,False
1095444557.933172,-8.811693,111.268531,50.202474,0.218965,11,323.625,75.4874,14.74,21.06,2004-09-17 18:09:17.933171988+00:00,False
1095454060.899569,-8.683909,110.33675,46.166992,0.355961,25,292.493,70.6596,5.38,8.19,2004-09-17 20:47:40.899569035+00:00,False
1095498766.640271,-8.384867,111.629858,130.912109,0.352218,24,329.338,48.6462,12.72,3.5,2004-09-18 09:12:46.640270948+00:00,False
1095501746.3692,-8.607502,110.400737,39.08431,0.408448,23,280.698,60.2782,4.47,6.51,2004-09-18 10:02:26.369199991+00:00,True
1095506260.210637,-7.715976,110.011107,13.121338,0.120505,10,135.739,9.27352,1.21,1.74,2004-09-18 11:17:40.210637093+00:00,True
1095544273.37522,-8.405286,110.955428,86.480632,0.503453,84,242.877,26.4076,2.97,1.78,2004-09-18 21:51:13.375220060+00:00,False
1095551269.37123,-8.856483,110.140686,26.31901,0.395764,8,331.826,97.5493,25.38,36.09,2004-09-18 23:47:49.371229887+00:00,False
1095572223.831142,-8.874927,110.202001,34.719401,0.301967,9,310.915,96.0275,8.69,17.84,2004-09-19 05:37:03.831141949+00:00,False
1095606942.130487,-8.549538,111.402542,24.754232,0.230845,9,326.753,48.6166,7.48,9.02,2004-09-19 15:15:42.130486965+00:00,False
1095614573.005119,-8.2887,110.243727,30.025065,0.104432,8,265.78,54.7994,4.73,10.8,2004-09-19 17:22:53.005119085+00:00,True
1095619289.008363,-9.029058,111.163612,2.023763,0.42383,43,302.512,87.1193,6.02,4.82,2004-09-19 18:41:29.008363008+00:00,False
1095633619.894474,-8.379598,111.246348,111.805339,0.177268,15,288.227,27.5475,12.35,5.11,2004-09-19 22:40:19.894474030+00:00,False
1095635470.29137,-6.904809,111.296183,-1.72347,0.0806468,9,129.07,18.2504,3.89,7.13,2004-09-19 23:11:10.291369915+00:00,True
1095639196.523714,-8.436244,110.800313,30.025065,0.215478,11,262.412,37.8219,3.76,4.87,2004-09-20 00:13:16.523714066+00:00,True
1095655327.852839,-8.320316,111.412656,121.111654,0.213195,31,301.213,26.2104,6.57,2.34,2004-09-20 04:42:07.852838993+00:00,False
1095682040.256784,-8.664148,110.362078,39.990234,0.360996,10,279.939,83.1249,8.35,17.2,2004-09-20 12:07:20.256783961+00:00,False
1095686072.699437,-8.924986,112.38625,2.929688,0.231707,9,350.369,151.021,34.57,28.71,2004-09-20 13:14:32.699436903+00:00,False
1095687265.102492,-8.823549,110.979264,34.966471,0.277096,31,294.39,70.5705,3.61,6.38,2004-09-20 13:34:25.102492094+00:00,True
1095689110.756176,-8.527143,111.124082,92.039714,0.0477141,9,324.379,38.4392,12.58,6.76,2004-09-20 14:05:10.756175995+00:00,False
1095692530.569502,-8.435586,110.798315,24.79541,0.260714,37,251.892,29.993,2.09,2.64,2004-09-20 15:02:10.569502115+00:00,True
1095698532.916087,-8.342053,110.282971,22.077637,0.333371,55,241.968,38.2935,1.93,3.58,2004-09-20 16:42:12.916086912+00:00,True
1095704417.397099,-8.807741,110.528661,36.613607,0.380609,37,284.2,78.2869,3.67,6.9,2004-09-20 18:20:17.397099018+00:00,True
1095709125.886822,-8.814328,110.919262,106.699219,0.355356,11,312.82,84.9819,32.16,31.45,2004-09-20 19:38:45.886821985+00:00,False
1095709838.136749,-8.397382,110.336206,45.219889,0.298873,38,255.645,42.6764,2.99,2.92,2004-09-20 19:50:38.136749029+00:00,True
1095724451.764667,-8.864388,110.420669,36.366536,0.410475,20,292.894,88.7649,5.34,12.78,2004-09-20 23:54:11.764667034+00:00,False
1095738466.586496,-8.291993,111.004552,14.171387,0.166788,19,241.452,11.7807,1.71,1.55,2004-09-21 03:47:46.586496115+00:00,True
1095796329.723612,-8.614089,112.187475,79.686198,0.269879,11,331.956,114.294,19.73,25.69,2004-09-21 19:52:09.723612070+00:00,False
1095828911.69623,-8.917082,110.13796,65.35612,0.45978,35,275.679,104.167,6.51,14.36,2004-09-22 04:55:11.696229935+00:00,False
1095833485.432852,-8.346664,109.620563,66.920898,0.296995,31,264.979,73.5406,5.62,7.6,2004-09-22 06:11:25.432852030+00:00,False
1095835728.005615,-8.874927,111.177997,30.766276,0.235586,20,310.006,77.4666,4.5,7.51,2004-09-22 06:48:48.005614996+00:00,False
1095848175.685783,-8.473131,110.749729,21.954102,0.245186,17,271.077,44.6547,2.69,6.28,2004-09-22 10:16:15.685782909+00:00,True
1095868542.85469,-8.749777,111.024486,46.331706,0.237345,21,302.424,58.4735,4.69,9.1,2004-09-22 15:55:42.854690075+00:00,False
1095871272.3195,-8.279478,111.602928,101.593099,0.249514,19,294.532,40.2805,7.26,3.65,2004-09-22 16:41:12.319499969+00:00,False
1095944677.097944,-7.522653,109.876786,10.053548,0.140803,13,163.01,14.4322,1.18,2.07,2004-09-23 13:04:37.097944021+00:00,True
1095944927.057659,-7.524958,109.87645,12.215413,0.196918,21,65.3789,14.184,0.87,3.52,2004-09-23 13:08:47.057658911+00:00,True
1095946148.187726,-7.47391,109.880841,17.13623,0.160153,8,200.072,18.0871,3.7,3.71,2004-09-23 13:29:08.187726021+00:00,True
1095947507.411071,-8.778759,110.891229,36.77832,0.228604,18,299.701,67.2866,4.19,8.52,2004-09-23 13:51:47.411071062+00:00,True
1095967791.373815,-10.042111,108.817648,41.143229,0.509311,39,321.909,272.882,10.71,37.02,2004-09-23 19:29:51.373815060+00:00,False
1095972256.479912,-8.910495,111.040717,33.97819,0.339886,43,301.315,75.4092,4.17,7.91,2004-09-23 20:44:16.479912043+00:00,False
1095973397.470826,-8.346664,109.551327,57.202799,0.337218,31,271.578,74.8982,4.75,9.3,2004-09-23 21:03:17.470825911+00:00,True
1095975075.469774,-8.215257,110.938236,16.12736,0.186305,16,217.003,7.35817,1.55,1.36,2004-09-23 21:31:15.469774008+00:00,True
1095995760.221654,-7.797982,111.402833,14.006673,0.194472,29,230.433,31.0766,1.71,3.3,2004-09-24 03:16:00.221653938+00:00,True
1095997461.656458,-8.860436,111.163304,34.307617,0.31808,29,304.632,68.3724,4.43,7.43,2004-09-24 03:44:21.656457901+00:00,False
1096001091.628291,-9.00798,110.723415,31.17806,0.348931,29,298.581,95.8576,4.0,10.55,2004-09-24 04:44:51.628290892+00:00,True
1096006518.958665,-7.514748,109.871482,13.018392,0.200376,11,157.782,15.3928,1.71,4.57,2004-09-24 06:15:18.958664894+00:00,True
1096037789.499324,-8.076604,112.089352,124.488281,0.114547,9,350.101,90.6608,32.82,17.34,2004-09-24 14:56:29.499324083+00:00,False
1096044514.535417,-9.383429,108.794246,70.46224,0.518302,26,318.786,204.273,18.79,45.25,2004-09-24 16:48:34.535417080+00:00,False
1096053686.058204,-8.26367,111.47509,104.228516,0.186685,21,320.293,27.021,9.8,3.18,2004-09-24 19:21:26.058203936+00:00,False
1096115161.404311,-8.803789,110.375358,34.884115,0.34239,15,288.586,81.9885,6.18,11.12,2004-09-25 12:26:01.404310942+00:00,False
1096118320.223078,-8.101634,110.70425,130.500326,0.190534,32,150.964,9.35698,7.31,2.36,2004-09-25 13:18:40.223078012+00:00,False
1096128255.345432,-7.618161,108.360815,159.736979,0.456912,15,335.933,135.486,33.88,31.19,2004-09-25 16:04:15.345432043+00:00,False
1096128737.521311,-8.334807,108.484883,130.747396,0.359771,12,339.598,132.167,47.94,45.7,2004-09-25 16:12:17.521311045+00:00,False
1096128740.89981,-7.955407,108.593203,183.455729,0.560491,15,304.953,263.449,36.73,70.94,2004-09-25 16:12:20.899810076+00:00,False
1096142426.623227,-8.986902,111.112853,23.930664,0.366112,26,307.21,88.7791,5.3,8.44,2004-09-25 20:00:26.623226881+00:00,False
1096145624.55614,-8.769537,110.511329,88.086589,0.152002,13,314.282,75.5772,12.37,14.65,2004-09-25 20:53:44.556139946+00:00,False
1096153011.595943,-8.075287,110.350308,99.53418,0.327219,16,208.729,7.80595,8.8,3.64,2004-09-25 22:56:51.595942974+00:00,False
1096186974.742144,-8.878879,110.451333,33.97819,0.430598,44,272.99,88.8085,3.27,6.98,2004-09-26 08:22:54.742144108+00:00,True
1096201124.66301,-8.917082,110.746027,39.990234,0.258245,11,300.806,93.2061,8.8,19.45,2004-09-26 12:18:44.663009882+00:00,False
1096220464.022433,-8.296604,110.296974,15.036133,0.200521,9,284.67,39.4732,4.39,8.07,2004-09-26 17:41:04.022433043+00:00,True
1096223949.632371,-7.844748,108.279879,149.52474,0.523247,16,331.654,150.821,39.29,50.22,2004-09-26 18:39:09.632370949+00:00,False
1096226295.652686,-7.855287,111.056534,92.863281,0.573881,24,237.316,27.7542,34.25,32.78,2004-09-26 19:18:15.652686119+00:00,False
1096257994.964797,-8.466544,111.739311,113.946615,0.225915,16,333.743,63.6985,17.28,8.08,2004-09-27 04:06:34.964797020+00:00,False
1096300770.490623,-8.569298,109.727967,46.908203,0.461905,77,267.641,83.9647,3.4,6.55,2004-09-27 15:59:30.490622997+00:00,True
1096307312.963135,-8.424388,111.568713,112.628906,0.225907,18,327.858,46.2779,14.52,6.61,2004-09-27 17:48:32.963135004+00:00,False
1096308294.829554,-7.863191,111.920959,-2.835286,0.445116,18,298.577,77.4549,10.61,8.1,2004-09-27 18:04:54.829554081+00:00,False
1096310426.545461,-8.679957,109.359937,51.190755,0.352608,18,299.149,112.432,8.32,18.9,2004-09-27 18:40:26.545460939+00:00,False
1096314194.278786,-8.305825,111.74146,123.005859,0.309433,33,329.983,55.5063,10.13,3.82,2004-09-27 19:43:14.278785944+00:00,False
1096334226.954533,-8.98822,110.658049,22.695312,0.38637,12,303.689,94.3808,7.24,14.47,2004-09-28 01:17:06.954533100+00:00,False
1096338486.059361,-8.770855,111.18447,44.025716,0.25721,36,304.209,58.4042,3.67,5.7,2004-09-28 02:28:06.059360981+00:00,False
1096373445.104164,-8.816963,111.081905,21.871745,0.316997,11,316.614,69.6759,8.17,14.17,2004-09-28 12:10:45.104163885+00:00,False
1096386819.581314,-8.552172,111.458499,77.956706,0.272867,39,319.058,46.1407,5.27,3.26,2004-09-28 15:53:39.581314087+00:00,False
1096401418.032029,-8.395406,111.278337,95.333984,0.176519,22,295.569,29.2186,7.51,3.56,2004-09-28 19:56:58.032028913+00:00,False
1096417349.973779,-7.318461,109.503854,2.888509,0.125926,9,254.061,9.61778,2.57,2.36,2004-09-29 00:22:29.973778963+00:00,True
1096422391.193247,-8.529777,108.830213,33.566406,0.195887,10,316.513,119.09,12.78,24.69,2004-09-29 01:46:31.193247080+00:00,False
1096440002.21645,-8.665466,111.096326,59.673503,0.168226,27,292.707,53.0439,4.21,4.9,2004-09-29 06:40:02.216449976+00:00,True
1096463002.784024,-9.109417,112.189754,10.50651,0.235143,8,349.819,148.296,29.67,27.57,2004-09-29 13:03:22.784024+00:00,False
1096472006.225282,-8.836723,111.453896,20.96582,0.237701,35,320.228,80.8549,4.98,6.69,2004-09-29 15:33:26.225281954+00:00,False
1096477853.071612,-8.127981,111.055576,112.217122,0.232635,31,71.4756,7.32173,5.92,2.22,2004-09-29 17:10:53.071611881+00:00,False
1096478814.950936,-9.973608,109.518893,40.154948,0.43855,15,318.434,253.679,17.6,49.89,2004-09-29 17:26:54.950936079+00:00,False
1096479567.640906,-8.250496,108.442718,175.549479,0.580262,24,331.855,225.628,33.15,61.97,2004-09-29 17:39:27.640906096+00:00,False
1096486175.097144,-9.810255,112.711928,41.143229,0.517627,17,348.38,241.895,33.47,42.73,2004-09-29 19:29:35.097143888+00:00,False
1096535841.561282,-8.700376,110.681246,39.537272,0.290911,42,276.886,62.0588,2.72,4.12,2004-09-30 09:17:21.561281919+00:00,True
1096542070.547768,-7.518371,109.873138,13.533122,0.165655,21,122.402,14.9648,0.81,2.31,2004-09-30 11:01:10.547768116+00:00,True
1096558172.937669,-8.627262,110.911056,54.814453,0.0997558,8,298.243,68.0524,15.75,21.18,2004-09-30 15:29:32.937669039+00:00,False
1096576693.551458,-8.832771,111.033936,93.027995,0.31369,44,297.182,67.1253,6.07,5.55,2004-09-30 20:38:13.551457882+00:00,False
1096583600.271042,-8.061784,111.314602,6.326904,0.130109,16,276.786,9.43191,1.66,1.26,2004-09-30 22:33:20.271042109+00:00,True
1096603593.660283,-8.294628,110.27634,20.101074,0.208764,21,252.905,33.3401,2.4,4.23,2004-10-01 04:06:33.660283089+00:00,True
1096607731.0217,-7.810497,109.819853,113.123047,0.348237,15,274.947,19.5702,13.62,5.34,2004-10-01 05:15:31.021699905+00:00,False
1096613959.081222,-8.701035,110.367395,38.013672,0.352948,11,297.389,77.3718,7.45,15.55,2004-10-01 06:59:19.081222057+00:00,False
1096627155.201067,-7.218342,109.567814,8.653483,0.153324,11,269.269,5.27279,3.83,1.82,2004-10-01 10:39:15.201066971+00:00,True
1096637599.699958,-9.064627,111.210369,23.848307,0.338886,10,322.645,103.818,10.99,20.23,2004-10-01 13:33:19.699958086+00:00,False
1096641614.092088,-8.780076,110.378031,37.025391,0.381311,34,267.629,79.3689,4.08,7.42,2004-10-01 14:40:14.092087984+00:00,True
1096642485.605095,-8.797202,111.421801,36.448893,0.261171,39,319.161,67.0082,3.94,6.1,2004-10-01 14:54:45.605094910+00:00,False
1096652062.003114,-8.903909,110.295318,74.085937,0.273739,25,302.781,95.2053,8.18,15.98,2004-10-01 17:34:22.003113985+00:00,False
1096653196.065368,-8.346664,111.663034,-0.117513,0.261892,16,331.791,49.5077,6.73,5.29,2004-10-01 17:53:16.065367937+00:00,False
1096656312.77579,-7.789419,111.883477,1.776693,0.240391,13,326.714,75.8821,17.59,13.11,2004-10-01 18:45:12.775789976+00:00,False
1096659896.299146,-7.830257,110.16423,126.382487,0.266113,34,118.743,9.2693,9.17,2.51,2004-10-01 19:44:56.299145937+00:00,False
1096668187.772206,-8.922352,111.284765,20.883464,0.162799,9,332.993,87.808,10.66,18.11,2004-10-01 22:03:07.772206068+00:00,False
1096668618.34863,-8.801154,110.783275,37.025391,0.429785,9,296.334,91.513,11.64,18.51,2004-10-01 22:10:18.348629951+00:00,False
1096670598.238306,-8.488939,109.742781,65.273763,0.431408,82,262.294,74.8938,3.99,7.46,2004-10-01 22:43:18.238306046+00:00,True
1096678687.554482,-8.286065,110.278342,25.413086,0.133649,10,262.56,32.3637,3.36,4.86,2004-10-02 00:58:07.554481983+00:00,True
1096727198.495146,-8.178041,110.243798,123.25293,0.337036,57,209.56,22.8302,5.57,2.47,2004-10-02 14:26:38.495146036+00:00,False
1096738996.123832,-8.996124,110.244584,66.014974,0.464987,47,279.518,106.718,5.56,13.37,2004-10-02 17:43:16.123831987+00:00,False
1096742127.591457,-8.469179,110.239614,10.01237,0.104291,9,327.732,55.585,8.42,8.54,2004-10-02 18:35:27.591456890+00:00,False
1096742322.725812,-7.571395,110.138519,3.38265,0.126193,11,154.423,8.14119,1.24,2.43,2004-10-02 18:38:42.725811958+00:00,True
1096750795.686886,-8.519238,109.480305,11.824219,0.193462,11,288.254,93.7317,14.07,27.17,2004-10-02 20:59:55.686886072+00:00,False
1096816435.538557,-8.769537,110.484671,40.319661,0.304604,19,298.312,75.8915,5.22,9.94,2004-10-03 15:13:55.538557053+00:00,False
1096832521.795884,-8.915765,111.182073,30.025065,0.221714,36,313.255,74.5128,3.65,5.12,2004-10-03 19:42:01.795883894+00:00,False
1096836363.893675,-8.415167,111.277045,101.675456,0.175814,26,295.937,21.914,7.98,3.21,2004-10-03 20:46:03.893675089+00:00,False
1096839377.357387,-8.586424,111.130841,93.604492,0.233485,23,290.432,38.2085,9.12,5.57,2004-10-03 21:36:17.357387066+00:00,False
1096839653.829933,-8.016005,110.505982,123.335286,0.197308,11,307.077,26.2761,16.66,5.91,2004-10-03 21:40:53.829932928+00:00,False
1096864250.528723,-8.031814,110.78803,123.664714,0.145053,12,170.635,4.94004,51.58,19.49,2004-10-04 04:30:50.528723001+00:00,False
1096897568.22703,-8.37828,109.772292,57.367513,0.257588,37,253.404,67.3476,3.94,7.3,2004-10-04 13:46:08.227030039+00:00,True
1096917258.737421,-9.043549,110.34593,35.048828,0.362643,28,287.211,108.626,4.78,13.1,2004-10-04 19:14:18.737421036+00:00,True
1096919723.5217,-8.234029,111.457047,7.418132,0.219502,14,292.394,31.0583,2.92,4.18,2004-10-04 19:55:23.521699904+00:00,True
1096924196.554745,-8.085826,110.504653,91.957357,0.281605,14,197.462,7.42922,10.31,4.43,2004-10-04 21:09:56.554744959+00:00,False
1096932874.450799,-8.6681,110.819153,51.602539,0.174965,13,300.758,58.084,6.95,9.84,2004-10-04 23:34:34.450798988+00:00,False
1096939491.495718,-7.320108,109.500862,3.073812,0.101925,10,254.981,9.73518,1.69,1.7,2004-10-05 01:24:51.495718002+00:00,True
1096940631.397044,-8.835406,110.641984,42.790365,0.22563,10,315.668,77.6381,7.96,14.87,2004-10-05 01:43:51.397043943+00:00,False
1096989412.544457,-8.378939,110.638481,30.972168,0.307455,42,235.401,29.837,2.17,2.47,2004-10-05 15:16:52.544456959+00:00,True
1096997535.241898,-8.859118,110.036689,20.554036,0.170446,10,311.687,101.201,7.47,14.54,2004-10-05 17:32:15.241898060+00:00,False
1097057279.703357,-9.077801,110.31123,28.954427,0.3119,15,321.738,113.24,7.23,18.61,2004-10-06 10:07:59.703356981+00:00,False
1097105413.453783,-8.500795,111.092071,68.979818,0.0861938,9,287.41,52.4701,13.78,12.09,2004-10-06 23:30:13.453783035+00:00,False
1097119706.045788,-8.066065,109.843381,91.545573,0.270052,10,321.269,44.6405,12.83,7.5,2004-10-07 03:28:26.045788050+00:00,False
1097123770.73016,-8.442831,110.580571,78.203776,0.421621,12,268.479,38.9669,13.28,10.13,2004-10-07 04:36:10.730159998+00:00,False
1097124175.963827,-8.278161,110.384845,3.835612,0.340084,9,262.375,30.5065,13.51,15.49,2004-10-07 04:42:55.963826895+00:00,False
1097134128.671138,-8.706304,110.052871,36.366536,0.465751,13,305.752,84.7579,9.24,13.33,2004-10-07 07:28:48.671138048+00:00,False
1097175694.557682,-8.318999,109.811012,70.46224,0.274121,9,320.761,63.0827,12.12,11.67,2004-10-07 19:01:34.557682037+00:00,False
1097183626.520857,-8.764268,110.863222,40.319661,0.135962,9,299.939,82.0183,11.36,18.41,2004-10-07 21:13:46.520857095+00:00,False
1097186073.456156,-8.005466,110.192025,26.483724,0.193783,14,265.454,9.6833,3.46,1.46,2004-10-07 21:54:33.456156015+00:00,True
